,const,BusinessTravel_Travel_Frequently,JobRole_Human Resources,JobRole_Laboratory Technician,JobRole_Manager,JobRole_Manufacturing Director,JobRole_Research Director,JobRole_Research Scientist,JobRole_Sales Executive,JobRole_Sales Representative,MaritalStatus_Married,MaritalStatus_Single,OverTime_Yes,EnvironmentSatisfaction,JobInvolvement,JobSatisfaction,MonthlyIncome,YearsAtCompany,YearsSinceLastPromotion
112,1.0,0.0,0.0,0.0,1.0,0.0,0.0,0.0,0.0,0.0,0.0,1.0,1.0,1.1694,1.7849,1.1529,2.2993,-0.3278,0.5624
133,1.0,0.0,0.0,0.0,0.0,0.0,0.0,0.0,1.0,0.0,0.0,0.0,1.0,0.2545,0.3795,0.2461,0.3581,0.3251,-0.6789
208,1.0,0.0,0.0,0.0,0.0,0.0,0.0,0.0,0.0,0.0,1.0,0.0,0.0,1.1694,-1.0258,1.1529,-0.3456,-0.6542,-0.6789
1466,1.0,0.0,0.0,0.0,0.0,0.0,0.0,0.0,0.0,0.0,1.0,0.0,0.0,1.1694,-1.0258,-1.5674,0.7409,-0.0013,-0.3686
802,1.0,1.0,0.0,0.0,0.0,0.0,0.0,0.0,1.0,0.0,1.0,0.0,0.0,1.1694,0.3795,-0.6606,-0.4675,-0.6542,-0.6789
1099,1.0,0.0,0.0,0.0,0.0,0.0,0.0,0.0,0.0,0.0,0.0,0.0,0.0,-1.5752,0.3795,-0.6606,0.1993,0.4883,1.4934
663,1.0,0.0,0.0,0.0,0.0,0.0,0.0,1.0,0.0,0.0,0.0,1.0,0.0,1.1694,0.3795,1.1529,-0.8093,-0.9807,-0.6789
348,1.0,0.0,0.0,0.0,0.0,0.0,1.0,0.0,0.0,0.0,0.0,1.0,0.0,-1.5752,0.3795,1.1529,2.0155,-0.9807,-0.6789
601,1.0,1.0,0.0,1.0,0.0,0.0,0.0,0.0,0.0,0.0,0.0,1.0,0.0,-1.5752,-1.0258,0.2461,-0.2993,-0.9807,-0.6789
187,1.0,0.0,0.0,0.0,0.0,0.0,1.0,0.0,0.0,0.0,0.0,1.0,0.0,0.2545,1.7849,-0.6606,2.5954,2.7735,-0.0583
1140,1.0,0.0,0.0,0.0,0.0,0.0,1.0,0.0,0.0,0.0,0.0,0.0,1.0,-0.6603,0.3795,1.1529,2.6649,2.447,-0.3686
991,1.0,0.0,0.0,0.0,0.0,0.0,0.0,0.0,1.0,0.0,1.0,0.0,1.0,0.2545,0.3795,-0.6606,-0.5151,-0.6542,-0.3686
690,1.0,0.0,0.0,0.0,0.0,0.0,0.0,0.0,0.0,0.0,1.0,0.0,1.0,1.1694,0.3795,1.1529,-0.1376,0.3251,1.8037
565,1.0,0.0,0.0,0.0,0.0,0.0,0.0,1.0,0.0,0.0,0.0,1.0,0.0,-1.5752,1.7849,0.2461,-0.6368,-0.8175,-0.6789
776,1.0,1.0,0.0,0.0,0.0,0.0,0.0,0.0,0.0,1.0,0.0,1.0,1.0,1.1694,0.3795,1.1529,-0.8878,-0.8175,-0.6789
237,1.0,0.0,0.0,0.0,1.0,0.0,0.0,0.0,0.0,0.0,0.0,1.0,1.0,-1.5752,-1.0258,0.2461,2.6689,4.2425,3.976
249,1.0,1.0,0.0,0.0,0.0,1.0,0.0,0.0,0.0,0.0,1.0,0.0,0.0,-1.5752,1.7849,0.2461,-0.0146,-0.6542,-0.6789
694,1.0,0.0,0.0,0.0,0.0,0.0,0.0,0.0,0.0,0.0,0.0,1.0,0.0,-0.6603,-1.0258,1.1529,0.0947,-0.3278,-0.3686
261,1.0,0.0,0.0,0.0,0.0,0.0,0.0,0.0,1.0,0.0,1.0,0.0,0.0,1.1694,-1.0258,1.1529,-0.2663,0.1619,1.4934
907,1.0,0.0,0.0,0.0,1.0,0.0,0.0,0.0,0.0,0.0,1.0,0.0,0.0,-0.6603,0.3795,-0.6606,2.4873,2.447,0.2521
636,1.0,1.0,0.0,0.0,0.0,0.0,0.0,1.0,0.0,0.0,0.0,0.0,1.0,1.1694,0.3795,-0.6606,-0.9518,0.4883,1.4934
773,1.0,0.0,0.0,0.0,0.0,1.0,0.0,0.0,0.0,0.0,0.0,1.0,0.0,1.1694,-1.0258,1.1529,0.5002,1.1412,1.4934
371,1.0,0.0,0.0,0.0,0.0,0.0,0.0,1.0,0.0,0.0,0.0,1.0,0.0,1.1694,0.3795,1.1529,-0.9138,-0.6542,-0.3686
1214,1.0,0.0,0.0,0.0,0.0,0.0,0.0,0.0,0.0,0.0,1.0,0.0,1.0,0.2545,1.7849,1.1529,0.2923,0.1619,1.183
1259,1.0,0.0,0.0,0.0,0.0,0.0,0.0,0.0,0.0,0.0,1.0,0.0,0.0,0.2545,1.7849,0.2461,-0.2568,-0.0013,-0.3686
491,1.0,1.0,0.0,1.0,0.0,0.0,0.0,0.0,0.0,0.0,0.0,0.0,1.0,1.1694,0.3795,0.2461,-0.175,0.1619,0.5624
716,1.0,1.0,0.0,0.0,0.0,0.0,1.0,0.0,0.0,0.0,0.0,0.0,0.0,-1.5752,0.3795,0.2461,2.7435,1.7941,-0.6789
1048,1.0,0.0,0.0,0.0,0.0,0.0,0.0,0.0,1.0,0.0,0.0,1.0,0.0,1.1694,-2.4312,-1.5674,-0.3704,0.978,0.2521
1338,1.0,0.0,0.0,0.0,0.0,0.0,0.0,0.0,0.0,1.0,0.0,1.0,0.0,-0.6603,0.3795,1.1529,-1.1517,-0.9807,-0.6789
652,1.0,0.0,0.0,0.0,0.0,0.0,0.0,0.0,1.0,0.0,0.0,1.0,1.0,-1.5752,0.3795,-0.6606,0.2419,0.4883,-0.6789
291,1.0,0.0,0.0,0.0,0.0,0.0,0.0,1.0,0.0,0.0,0.0,1.0,0.0,0.2545,0.3795,-0.6606,-0.4286,0.1619,1.4934
351,1.0,0.0,0.0,1.0,0.0,0.0,0.0,0.0,0.0,0.0,1.0,0.0,0.0,0.2545,0.3795,-0.6606,-0.8779,0.1619,-0.6789
829,1.0,0.0,0.0,0.0,0.0,0.0,0.0,0.0,1.0,0.0,0.0,1.0,1.0,-1.5752,0.3795,-1.5674,0.3656,-0.3278,-0.6789
674,1.0,0.0,0.0,0.0,0.0,0.0,0.0,0.0,0.0,0.0,0.0,0.0,1.0,0.2545,-1.0258,-0.6606,0.86,-0.1646,-0.6789
611,1.0,0.0,0.0,0.0,0.0,1.0,0.0,0.0,0.0,0.0,0.0,1.0,0.0,0.2545,0.3795,0.2461,0.7897,0.1619,-0.3686
1453,1.0,0.0,0.0,0.0,0.0,0.0,0.0,0.0,1.0,0.0,1.0,0.0,0.0,-0.6603,-1.0258,1.1529,0.0317,-0.1646,-0.6789
400,1.0,1.0,0.0,0.0,1.0,0.0,0.0,0.0,0.0,0.0,0.0,0.0,1.0,-0.6603,0.3795,0.2461,2.6963,2.2838,-0.3686
417,1.0,0.0,0.0,0.0,1.0,0.0,0.0,0.0,0.0,0.0,1.0,0.0,0.0,0.2545,0.3795,0.2461,2.4508,2.1206,-0.3686
862,1.0,0.0,0.0,0.0,0.0,0.0,0.0,1.0,0.0,0.0,0.0,1.0,0.0,1.1694,-2.4312,0.2461,-0.8949,-1.1439,-0.6789
1455,1.0,0.0,0.0,0.0,0.0,0.0,0.0,1.0,0.0,0.0,0.0,1.0,0.0,0.2545,-1.0258,0.2461,-0.7846,-0.8175,-0.0583
546,1.0,0.0,0.0,0.0,0.0,0.0,0.0,0.0,0.0,1.0,0.0,1.0,0.0,0.2545,0.3795,0.2461,-0.8201,-0.9807,-0.6789
439,1.0,1.0,0.0,0.0,0.0,0.0,0.0,0.0,0.0,0.0,1.0,0.0,0.0,-1.5752,0.3795,0.2461,0.7054,-0.9807,-0.6789
490,1.0,0.0,0.0,0.0,0.0,0.0,0.0,1.0,0.0,0.0,0.0,1.0,0.0,0.2545,0.3795,-1.5674,-0.825,-1.1439,-0.6789
680,1.0,0.0,0.0,0.0,0.0,0.0,0.0,1.0,0.0,0.0,0.0,1.0,0.0,-0.6603,0.3795,1.1529,-0.3876,-0.1646,-0.6789
334,1.0,0.0,0.0,0.0,0.0,0.0,0.0,1.0,0.0,0.0,1.0,0.0,0.0,1.1694,0.3795,1.1529,-0.596,0.4883,2.114
962,1.0,0.0,0.0,0.0,1.0,0.0,0.0,0.0,0.0,0.0,0.0,0.0,1.0,0.2545,0.3795,-0.6606,1.5979,4.2425,-0.6789
632,1.0,1.0,0.0,0.0,0.0,0.0,0.0,1.0,0.0,0.0,0.0,1.0,1.0,-0.6603,0.3795,1.1529,-0.8471,-0.8175,-0.0583
229,1.0,0.0,0.0,0.0,0.0,0.0,0.0,1.0,0.0,0.0,0.0,1.0,1.0,0.2545,-1.0258,1.1529,-0.8738,-0.491,-0.6789
881,1.0,1.0,0.0,0.0,0.0,0.0,0.0,1.0,0.0,0.0,0.0,1.0,1.0,1.1694,0.3795,0.2461,-0.3197,0.1619,-0.6789
573,1.0,0.0,0.0,0.0,0.0,0.0,0.0,0.0,1.0,0.0,0.0,1.0,0.0,1.1694,-1.0258,-1.5674,-0.25,-0.491,-0.3686
693,1.0,0.0,0.0,0.0,0.0,0.0,0.0,0.0,1.0,0.0,1.0,0.0,1.0,0.2545,-1.0258,1.1529,0.8118,1.4677,0.2521
39,1.0,1.0,0.0,0.0,0.0,0.0,0.0,0.0,1.0,0.0,1.0,0.0,0.0,0.2545,1.7849,-1.5674,-0.2394,-0.3278,-0.3686
891,1.0,0.0,0.0,0.0,0.0,0.0,0.0,1.0,0.0,0.0,1.0,0.0,0.0,-1.5752,1.7849,1.1529,-0.9541,0.4883,1.4934
579,1.0,0.0,0.0,0.0,0.0,0.0,0.0,1.0,0.0,0.0,0.0,1.0,0.0,0.2545,-1.0258,-1.5674,-0.4507,-0.1646,-0.3686
306,1.0,0.0,0.0,0.0,0.0,0.0,0.0,0.0,1.0,0.0,1.0,0.0,0.0,1.1694,-1.0258,0.2461,-0.2164,0.978,0.5624
481,1.0,0.0,0.0,0.0,0.0,0.0,0.0,1.0,0.0,0.0,1.0,0.0,1.0,-0.6603,-1.0258,1.1529,-0.6119,-0.1646,-0.3686
435,1.0,0.0,0.0,0.0,1.0,0.0,0.0,0.0,0.0,0.0,1.0,0.0,1.0,-0.6603,0.3795,0.2461,1.5096,-0.0013,1.4934
205,1.0,0.0,0.0,0.0,0.0,0.0,0.0,0.0,1.0,0.0,1.0,0.0,0.0,-0.6603,0.3795,1.1529,0.2413,0.4883,-0.3686
243,1.0,0.0,0.0,0.0,0.0,0.0,0.0,1.0,0.0,0.0,0.0,0.0,0.0,-1.5752,0.3795,1.1529,-0.6763,0.3251,0.5624
1217,1.0,0.0,0.0,0.0,0.0,0.0,0.0,1.0,0.0,0.0,1.0,0.0,0.0,0.2545,1.7849,0.2461,-0.4465,-0.3278,-0.6789
1415,1.0,0.0,0.0,1.0,0.0,0.0,0.0,0.0,0.0,0.0,0.0,0.0,0.0,-0.6603,-1.0258,0.2461,-0.9548,-0.9807,-0.6789
1329,1.0,0.0,1.0,0.0,0.0,0.0,0.0,0.0,0.0,0.0,1.0,0.0,0.0,1.1694,-1.0258,-0.6606,-0.7857,-0.9807,-0.6789
949,1.0,0.0,0.0,0.0,0.0,1.0,0.0,0.0,0.0,0.0,0.0,1.0,0.0,-1.5752,0.3795,0.2461,-0.4182,0.1619,-0.3686
244,1.0,0.0,0.0,0.0,1.0,0.0,0.0,0.0,0.0,0.0,1.0,0.0,0.0,0.2545,1.7849,1.1529,2.6974,2.7735,-0.3686
376,1.0,0.0,0.0,0.0,0.0,0.0,0.0,0.0,1.0,0.0,1.0,0.0,0.0,0.2545,0.3795,1.1529,-0.3328,-0.0013,-0.6789
431,1.0,0.0,0.0,1.0,0.0,0.0,0.0,0.0,0.0,0.0,0.0,1.0,0.0,0.2545,0.3795,0.2461,-0.5784,-0.9807,-0.6789
734,1.0,0.0,0.0,1.0,0.0,0.0,0.0,0.0,0.0,0.0,1.0,0.0,0.0,-0.6603,-2.4312,-1.5674,-0.8607,-0.491,-0.3686
772,1.0,1.0,0.0,0.0,0.0,0.0,0.0,1.0,0.0,0.0,1.0,0.0,0.0,-1.5752,0.3795,0.2461,-0.7564,-0.3278,-0.6789
100,1.0,0.0,1.0,0.0,0.0,0.0,0.0,0.0,0.0,0.0,0.0,0.0,1.0,0.2545,0.3795,-1.5674,-0.9409,-0.6542,-0.6789
398,1.0,0.0,0.0,0.0,0.0,0.0,0.0,1.0,0.0,0.0,1.0,0.0,1.0,-0.6603,0.3795,0.2461,-0.4363,0.978,2.4243
1348,1.0,0.0,0.0,0.0,1.0,0.0,0.0,0.0,0.0,0.0,0.0,0.0,0.0,-1.5752,0.3795,-1.5674,2.192,1.9574,2.7347
738,1.0,0.0,0.0,0.0,0.0,1.0,0.0,0.0,0.0,0.0,1.0,0.0,0.0,1.1694,-1.0258,1.1529,1.3252,2.2838,2.7347
59,1.0,0.0,0.0,0.0,0.0,1.0,0.0,0.0,0.0,0.0,0.0,0.0,0.0,-1.5752,-1.0258,0.2461,-0.1083,-0.0013,-0.6789
859,1.0,0.0,0.0,0.0,0.0,0.0,0.0,1.0,0.0,0.0,1.0,0.0,1.0,-0.6603,-2.4312,1.1529,-0.9208,-0.3278,-0.3686
391,1.0,0.0,0.0,1.0,0.0,0.0,0.0,0.0,0.0,0.0,1.0,0.0,0.0,-0.6603,-1.0258,0.2461,-0.6489,-0.9807,-0.6789
298,1.0,1.0,0.0,1.0,0.0,0.0,0.0,0.0,0.0,0.0,1.0,0.0,0.0,0.2545,1.7849,1.1529,-0.5979,-0.9807,-0.6789
1256,1.0,1.0,0.0,1.0,0.0,0.0,0.0,0.0,0.0,0.0,1.0,0.0,0.0,0.2545,-1.0258,-0.6606,-0.857,-0.1646,-0.6789
443,1.0,1.0,0.0,1.0,0.0,0.0,0.0,0.0,0.0,0.0,0.0,1.0,0.0,0.2545,-1.0258,0.2461,-0.5542,-0.8175,-0.3686
145,1.0,0.0,0.0,0.0,0.0,0.0,0.0,1.0,0.0,0.0,0.0,0.0,0.0,1.1694,0.3795,-1.5674,-0.7007,-0.6542,-0.0583
529,1.0,0.0,0.0,0.0,0.0,0.0,0.0,0.0,0.0,0.0,0.0,1.0,0.0,-0.6603,1.7849,1.1529,0.2383,0.3251,-0.3686
1207,1.0,0.0,0.0,0.0,0.0,0.0,0.0,1.0,0.0,0.0,0.0,0.0,0.0,-1.5752,-1.0258,-0.6606,-0.63,-0.491,-0.3686
158,1.0,0.0,0.0,0.0,0.0,0.0,0.0,0.0,1.0,0.0,1.0,0.0,0.0,0.2545,-1.0258,1.1529,0.9244,0.8148,-0.0583
440,1.0,1.0,1.0,0.0,0.0,0.0,0.0,0.0,0.0,0.0,0.0,0.0,1.0,-0.6603,0.3795,-1.5674,0.7322,-0.6542,-0.6789
141,1.0,0.0,0.0,0.0,0.0,0.0,0.0,1.0,0.0,0.0,0.0,1.0,0.0,0.2545,0.3795,1.1529,-0.648,-0.1646,-0.6789
1,1.0,1.0,0.0,0.0,0.0,0.0,0.0,1.0,0.0,0.0,1.0,0.0,0.0,0.2545,-1.0258,-0.6606,-0.2916,0.4883,-0.3686
1168,1.0,1.0,0.0,0.0,0.0,0.0,0.0,1.0,0.0,0.0,0.0,1.0,1.0,-1.5752,0.3795,1.1529,-0.5826,-0.1646,-0.3686
591,1.0,0.0,0.0,0.0,0.0,0.0,0.0,0.0,1.0,0.0,0.0,1.0,0.0,-1.5752,0.3795,-1.5674,-0.2504,-0.6542,-0.6789
1379,1.0,1.0,1.0,0.0,0.0,0.0,0.0,0.0,0.0,0.0,1.0,0.0,0.0,-1.5752,-1.0258,-0.6606,-0.7731,-0.9807,-0.6789
1337,1.0,0.0,0.0,0.0,0.0,0.0,0.0,0.0,0.0,1.0,1.0,0.0,0.0,-0.6603,0.3795,-0.6606,-0.7746,-0.9807,-0.6789
278,1.0,1.0,0.0,0.0,0.0,1.0,0.0,0.0,0.0,0.0,0.0,0.0,0.0,0.2545,0.3795,-0.6606,-0.0225,-0.1646,-0.3686
794,1.0,1.0,0.0,0.0,0.0,0.0,0.0,0.0,0.0,0.0,0.0,1.0,0.0,-1.5752,0.3795,1.1529,0.2662,-0.1646,-0.6789
245,1.0,1.0,0.0,0.0,0.0,0.0,1.0,0.0,0.0,0.0,0.0,0.0,0.0,-0.6603,0.3795,0.2461,1.5234,-0.8175,-0.0583
804,1.0,0.0,0.0,0.0,1.0,0.0,0.0,0.0,0.0,0.0,0.0,1.0,0.0,-1.5752,1.7849,1.1529,2.2052,-0.3278,-0.0583
1094,1.0,0.0,0.0,0.0,0.0,0.0,0.0,0.0,1.0,0.0,1.0,0.0,0.0,-1.5752,0.3795,-1.5674,-0.2188,0.1619,1.4934
932,1.0,0.0,0.0,1.0,0.0,0.0,0.0,0.0,0.0,0.0,0.0,0.0,1.0,-0.6603,0.3795,0.2461,-0.672,-0.0013,1.4934
402,1.0,0.0,0.0,0.0,0.0,0.0,0.0,0.0,1.0,0.0,0.0,1.0,0.0,-0.6603,0.3795,0.2461,0.0157,-0.3278,0.5624
657,1.0,0.0,0.0,1.0,0.0,0.0,0.0,0.0,0.0,0.0,0.0,0.0,0.0,-1.5752,-1.0258,1.1529,-0.8435,-0.491,-0.6789
41,1.0,0.0,0.0,1.0,0.0,0.0,0.0,0.0,0.0,0.0,0.0,0.0,0.0,1.1694,0.3795,-1.5674,-0.884,-0.9807,-0.6789
1258,1.0,0.0,0.0,0.0,0.0,0.0,0.0,1.0,0.0,0.0,0.0,0.0,0.0,1.1694,-1.0258,-1.5674,-0.9333,-0.9807,-0.6789
626,1.0,0.0,0.0,0.0,0.0,0.0,0.0,1.0,0.0,0.0,1.0,0.0,0.0,0.2545,1.7849,0.2461,-0.2821,-0.3278,-0.3686
25,1.0,0.0,0.0,0.0,1.0,0.0,0.0,0.0,0.0,0.0,0.0,0.0,0.0,0.2545,0.3795,0.2461,2.6744,1.1412,0.5624
768,1.0,0.0,0.0,0.0,0.0,0.0,0.0,0.0,1.0,0.0,1.0,0.0,0.0,0.2545,0.3795,-1.5674,0.4021,-0.0013,1.4934
1022,1.0,0.0,0.0,1.0,0.0,0.0,0.0,0.0,0.0,0.0,0.0,1.0,0.0,0.2545,1.7849,0.2461,-0.6378,-0.1646,-0.3686
741,1.0,0.0,0.0,0.0,1.0,0.0,0.0,0.0,0.0,0.0,1.0,0.0,0.0,1.1694,0.3795,0.2461,2.5064,-0.9807,-0.6789
1049,1.0,0.0,0.0,0.0,0.0,0.0,0.0,0.0,1.0,0.0,1.0,0.0,0.0,1.1694,0.3795,0.2461,-0.2553,-0.8175,-0.0583
285,1.0,0.0,0.0,0.0,0.0,0.0,0.0,1.0,0.0,0.0,0.0,1.0,0.0,1.1694,0.3795,1.1529,-0.932,1.6309,0.8727
1137,1.0,0.0,0.0,0.0,0.0,0.0,0.0,1.0,0.0,0.0,1.0,0.0,1.0,-0.6603,-1.0258,0.2461,-0.7836,-0.491,-0.3686
1184,1.0,0.0,0.0,0.0,1.0,0.0,0.0,0.0,0.0,0.0,1.0,0.0,0.0,-0.6603,0.3795,0.2461,2.3201,0.4883,0.5624
681,1.0,0.0,0.0,0.0,0.0,0.0,1.0,0.0,0.0,0.0,1.0,0.0,0.0,1.1694,0.3795,-1.5674,1.5036,1.3045,0.8727
195,1.0,0.0,0.0,0.0,0.0,0.0,0.0,1.0,0.0,0.0,1.0,0.0,1.0,-0.6603,1.7849,-1.5674,-0.6242,0.1619,-0.3686
344,1.0,0.0,0.0,0.0,0.0,1.0,0.0,0.0,0.0,0.0,0.0,1.0,0.0,0.2545,0.3795,-0.6606,0.3382,1.4677,-0.6789
1062,1.0,1.0,0.0,0.0,0.0,1.0,0.0,0.0,0.0,0.0,0.0,1.0,1.0,-0.6603,0.3795,0.2461,0.7872,-0.8175,-0.0583
774,1.0,0.0,0.0,0.0,1.0,0.0,0.0,0.0,0.0,0.0,0.0,1.0,0.0,0.2545,-1.0258,-1.5674,2.1778,0.3251,1.183
589,1.0,0.0,0.0,1.0,0.0,0.0,0.0,0.0,0.0,0.0,1.0,0.0,1.0,-0.6603,-1.0258,-1.5674,-0.8887,-0.9807,-0.6789
248,1.0,0.0,0.0,0.0,0.0,0.0,0.0,1.0,0.0,0.0,1.0,0.0,0.0,0.2545,-1.0258,-1.5674,-0.5486,-0.6542,-0.6789
572,1.0,0.0,0.0,0.0,0.0,0.0,0.0,0.0,0.0,0.0,1.0,0.0,0.0,-0.6603,0.3795,0.2461,-0.4605,0.1619,-0.3686
861,1.0,0.0,0.0,0.0,1.0,0.0,0.0,0.0,0.0,0.0,1.0,0.0,0.0,0.2545,0.3795,-1.5674,2.2398,3.0999,3.976
857,1.0,0.0,0.0,0.0,0.0,0.0,0.0,1.0,0.0,0.0,0.0,1.0,1.0,0.2545,0.3795,0.2461,-0.7576,-0.1646,-0.6789
1162,1.0,0.0,0.0,0.0,0.0,0.0,0.0,0.0,1.0,0.0,1.0,0.0,0.0,1.1694,-1.0258,-1.5674,0.8078,0.978,1.183
462,1.0,0.0,0.0,0.0,0.0,0.0,0.0,0.0,1.0,0.0,0.0,1.0,0.0,1.1694,1.7849,1.1529,-0.2477,0.4883,0.8727
467,1.0,0.0,0.0,0.0,0.0,0.0,0.0,0.0,1.0,0.0,0.0,0.0,0.0,-1.5752,0.3795,-0.6606,0.4951,0.3251,1.4934
678,1.0,0.0,0.0,0.0,0.0,0.0,0.0,1.0,0.0,0.0,1.0,0.0,0.0,1.1694,0.3795,0.2461,-0.9014,-1.1439,-0.6789
84,1.0,0.0,0.0,0.0,0.0,1.0,0.0,0.0,0.0,0.0,1.0,0.0,0.0,-1.5752,0.3795,-0.6606,-0.4626,-0.3278,-0.3686
719,1.0,0.0,0.0,0.0,0.0,0.0,0.0,0.0,1.0,0.0,0.0,1.0,1.0,1.1694,0.3795,1.1529,-0.497,0.3251,-0.6789
44,1.0,1.0,0.0,1.0,0.0,0.0,0.0,0.0,0.0,0.0,0.0,1.0,0.0,0.2545,0.3795,1.1529,-0.5293,0.8148,0.2521
1010,1.0,0.0,0.0,0.0,0.0,0.0,1.0,0.0,0.0,0.0,0.0,0.0,0.0,-0.6603,1.7849,1.1529,1.7479,-0.0013,-0.6789
47,1.0,0.0,0.0,0.0,0.0,0.0,0.0,1.0,0.0,0.0,1.0,0.0,0.0,-0.6603,0.3795,-0.6606,-0.7394,-0.9807,-0.6789
55,1.0,1.0,0.0,0.0,0.0,0.0,1.0,0.0,0.0,0.0,0.0,1.0,1.0,-1.5752,0.3795,1.1529,1.4773,1.3045,1.8037
548,1.0,1.0,0.0,0.0,0.0,0.0,0.0,0.0,1.0,0.0,1.0,0.0,0.0,1.1694,-1.0258,1.1529,0.0639,-0.8175,-0.0583
317,1.0,0.0,0.0,0.0,0.0,0.0,0.0,1.0,0.0,0.0,1.0,0.0,0.0,0.2545,-1.0258,-0.6606,-0.3318,0.1619,1.4934
394,1.0,0.0,0.0,0.0,0.0,1.0,0.0,0.0,0.0,0.0,1.0,0.0,0.0,-0.6603,0.3795,-1.5674,-0.4666,0.978,0.2521
1468,1.0,1.0,0.0,0.0,0.0,0.0,0.0,0.0,1.0,0.0,1.0,0.0,0.0,1.1694,-1.0258,-0.6606,-0.2364,0.3251,-0.6789
1045,1.0,0.0,0.0,0.0,0.0,0.0,0.0,1.0,0.0,0.0,0.0,0.0,0.0,0.2545,0.3795,0.2461,-0.8832,-0.6542,-0.3686
1368,1.0,1.0,0.0,0.0,0.0,0.0,0.0,1.0,0.0,0.0,1.0,0.0,1.0,0.2545,-1.0258,1.1529,-0.1606,1.3045,1.183
592,1.0,0.0,0.0,0.0,1.0,0.0,0.0,0.0,0.0,0.0,1.0,0.0,1.0,0.2545,0.3795,1.1529,2.177,3.0999,0.2521
1464,1.0,0.0,0.0,0.0,0.0,0.0,0.0,0.0,0.0,1.0,0.0,1.0,0.0,1.1694,-1.0258,0.2461,-0.7513,-0.491,-0.6789
196,1.0,1.0,0.0,1.0,0.0,0.0,0.0,0.0,0.0,0.0,0.0,1.0,0.0,-0.6603,0.3795,-0.6606,-0.4414,-0.1646,-0.3686
983,1.0,0.0,0.0,0.0,0.0,0.0,0.0,0.0,0.0,0.0,0.0,1.0,0.0,0.2545,0.3795,1.1529,0.0391,1.1412,0.5624
130,1.0,1.0,0.0,0.0,0.0,0.0,0.0,1.0,0.0,0.0,0.0,1.0,0.0,-0.6603,1.7849,0.2461,-0.3747,-0.6542,-0.3686
236,1.0,0.0,0.0,1.0,0.0,0.0,0.0,0.0,0.0,0.0,1.0,0.0,0.0,-1.5752,0.3795,-1.5674,-0.8063,0.3251,-0.3686
695,1.0,0.0,0.0,0.0,0.0,0.0,0.0,0.0,1.0,0.0,1.0,0.0,0.0,-1.5752,-1.0258,0.2461,0.8722,1.1412,2.7347
1046,1.0,0.0,0.0,0.0,0.0,0.0,0.0,1.0,0.0,0.0,0.0,1.0,0.0,1.1694,0.3795,-0.6606,-0.6548,-0.3278,-0.3686
1281,1.0,0.0,0.0,0.0,0.0,0.0,0.0,0.0,1.0,0.0,0.0,1.0,1.0,0.2545,0.3795,1.1529,-0.1465,0.4883,1.4934
240,1.0,0.0,0.0,1.0,0.0,0.0,0.0,0.0,0.0,0.0,0.0,0.0,0.0,0.2545,0.3795,0.2461,-0.9072,-0.6542,-0.3686
602,1.0,0.0,0.0,0.0,0.0,1.0,0.0,0.0,0.0,0.0,0.0,1.0,1.0,0.2545,-1.0258,1.1529,0.0795,-1.1439,-0.6789
419,1.0,0.0,0.0,1.0,0.0,0.0,0.0,0.0,0.0,0.0,1.0,0.0,0.0,0.2545,0.3795,1.1529,-0.9358,-0.3278,-0.3686
430,1.0,0.0,0.0,1.0,0.0,0.0,0.0,0.0,0.0,0.0,0.0,1.0,0.0,1.1694,-2.4312,0.2461,-0.4828,-0.3278,0.5624
965,1.0,0.0,0.0,1.0,0.0,0.0,0.0,0.0,0.0,0.0,1.0,0.0,0.0,1.1694,0.3795,1.1529,-0.6019,-0.6542,-0.3686
967,1.0,0.0,0.0,1.0,0.0,0.0,0.0,0.0,0.0,0.0,1.0,0.0,0.0,-0.6603,0.3795,-0.6606,-0.8743,-0.491,-0.6789
1465,1.0,1.0,0.0,1.0,0.0,0.0,0.0,0.0,0.0,0.0,1.0,0.0,0.0,0.2545,1.7849,1.1529,-0.8352,-0.3278,-0.6789
356,1.0,0.0,0.0,0.0,0.0,0.0,0.0,0.0,0.0,0.0,0.0,1.0,0.0,-1.5752,-1.0258,1.1529,0.0591,-0.9807,-0.6789
1327,1.0,0.0,0.0,0.0,0.0,0.0,0.0,0.0,1.0,0.0,0.0,0.0,0.0,-1.5752,1.7849,-1.5674,1.4278,1.9574,-0.0583
314,1.0,0.0,0.0,0.0,1.0,0.0,0.0,0.0,0.0,0.0,1.0,0.0,1.0,0.2545,0.3795,-1.5674,2.2441,2.2838,2.7347
1187,1.0,1.0,0.0,0.0,0.0,0.0,0.0,1.0,0.0,0.0,1.0,0.0,0.0,1.1694,0.3795,1.1529,-0.3755,0.978,-0.0583
925,1.0,0.0,0.0,0.0,0.0,0.0,0.0,1.0,0.0,0.0,1.0,0.0,1.0,-0.6603,1.7849,-0.6606,-0.8774,-0.9807,-0.6789
433,1.0,0.0,0.0,0.0,0.0,0.0,0.0,0.0,1.0,0.0,1.0,0.0,1.0,0.2545,-1.0258,1.1529,0.5455,-0.6542,-0.3686
992,1.0,0.0,0.0,0.0,0.0,0.0,0.0,0.0,0.0,0.0,1.0,0.0,0.0,0.2545,0.3795,0.2461,0.9382,-0.1646,-0.6789
860,1.0,1.0,0.0,0.0,0.0,0.0,0.0,1.0,0.0,0.0,1.0,0.0,1.0,0.2545,-1.0258,1.1529,-0.7753,-1.1439,-0.6789
390,1.0,0.0,0.0,0.0,0.0,0.0,1.0,0.0,0.0,0.0,0.0,0.0,0.0,-1.5752,-1.0258,-0.6606,1.6638,2.9367,0.2521
472,1.0,0.0,0.0,0.0,0.0,1.0,0.0,0.0,0.0,0.0,1.0,0.0,0.0,-0.6603,0.3795,-0.6606,-0.0119,-0.1646,0.5624
123,1.0,0.0,0.0,0.0,0.0,0.0,1.0,0.0,0.0,0.0,0.0,1.0,0.0,-1.5752,0.3795,0.2461,2.7685,2.1206,3.976
995,1.0,0.0,0.0,0.0,0.0,0.0,0.0,1.0,0.0,0.0,0.0,1.0,1.0,-1.5752,-1.0258,0.2461,-0.5144,2.1206,-0.3686
434,1.0,0.0,0.0,0.0,0.0,1.0,0.0,0.0,0.0,0.0,0.0,0.0,0.0,0.2545,0.3795,-0.6606,0.8804,0.978,-0.6789
1100,1.0,0.0,0.0,0.0,0.0,0.0,0.0,0.0,0.0,1.0,1.0,0.0,0.0,-0.6603,-1.0258,0.2461,-0.8651,-0.3278,0.5624
361,1.0,0.0,0.0,1.0,0.0,0.0,0.0,0.0,0.0,0.0,1.0,0.0,1.0,1.1694,1.7849,0.2461,-0.9112,-0.0013,-0.3686
1383,1.0,0.0,0.0,1.0,0.0,0.0,0.0,0.0,0.0,0.0,1.0,0.0,0.0,-1.5752,1.7849,-0.6606,-0.7844,-0.3278,-0.6789
18,1.0,0.0,0.0,0.0,1.0,0.0,0.0,0.0,0.0,0.0,1.0,0.0,0.0,-1.5752,-1.0258,1.1529,1.8955,2.9367,0.2521
156,1.0,0.0,0.0,0.0,0.0,1.0,0.0,0.0,0.0,0.0,1.0,0.0,0.0,-0.6603,-1.0258,0.2461,-0.0788,-0.9807,-0.6789
1402,1.0,0.0,0.0,1.0,0.0,0.0,0.0,0.0,0.0,0.0,0.0,0.0,1.0,1.1694,-2.4312,1.1529,-1.1415,-0.9807,-0.6789
544,1.0,1.0,0.0,0.0,0.0,0.0,0.0,0.0,1.0,0.0,0.0,0.0,1.0,1.1694,0.3795,0.2461,1.5436,2.447,2.7347
1201,1.0,0.0,0.0,1.0,0.0,0.0,0.0,0.0,0.0,0.0,0.0,1.0,1.0,1.1694,-1.0258,0.2461,-0.534,-0.3278,-0.3686
1118,1.0,0.0,0.0,0.0,0.0,0.0,0.0,1.0,0.0,0.0,1.0,0.0,0.0,-1.5752,0.3795,1.1529,-0.9435,-0.9807,-0.6789
1150,1.0,0.0,0.0,0.0,0.0,0.0,0.0,1.0,0.0,0.0,1.0,0.0,0.0,-0.6603,1.7849,-1.5674,-0.2751,1.4677,-0.3686
784,1.0,0.0,0.0,0.0,0.0,0.0,0.0,0.0,0.0,0.0,1.0,0.0,0.0,0.2545,-1.0258,0.2461,0.4928,1.9574,-0.3686
696,1.0,0.0,0.0,1.0,0.0,0.0,0.0,0.0,0.0,0.0,1.0,0.0,0.0,0.2545,0.3795,-0.6606,-0.4367,0.3251,-0.6789
877,1.0,0.0,0.0,0.0,0.0,1.0,0.0,0.0,0.0,0.0,0.0,0.0,0.0,1.1694,0.3795,1.1529,0.1861,-0.1646,-0.3686
692,1.0,0.0,0.0,0.0,0.0,1.0,0.0,0.0,0.0,0.0,1.0,0.0,0.0,0.2545,0.3795,-1.5674,0.0472,0.1619,1.183
832,1.0,0.0,0.0,0.0,0.0,0.0,0.0,0.0,0.0,0.0,0.0,0.0,0.0,0.2545,-1.0258,1.1529,-0.164,-0.1646,-0.3686
662,1.0,0.0,0.0,0.0,0.0,0.0,0.0,0.0,0.0,1.0,0.0,1.0,0.0,0.2545,-1.0258,0.2461,-0.9471,-0.8175,-0.6789
61,1.0,1.0,0.0,1.0,0.0,0.0,0.0,0.0,0.0,0.0,0.0,1.0,0.0,1.1694,0.3795,1.1529,-0.8702,0.4883,2.114
271,1.0,0.0,0.0,0.0,1.0,0.0,0.0,0.0,0.0,0.0,1.0,0.0,1.0,-1.5752,0.3795,-0.6606,1.1355,0.4883,2.114
446,1.0,0.0,0.0,0.0,0.0,0.0,0.0,0.0,1.0,0.0,0.0,1.0,0.0,1.1694,0.3795,1.1529,-0.058,1.1412,-0.3686
555,1.0,0.0,0.0,0.0,0.0,0.0,0.0,0.0,0.0,1.0,0.0,0.0,0.0,1.1694,0.3795,-0.6606,-0.8934,-0.8175,-0.0583
1044,1.0,0.0,0.0,0.0,0.0,0.0,0.0,0.0,0.0,0.0,1.0,0.0,0.0,-1.5752,0.3795,0.2461,0.0315,-0.6542,-0.3686
1437,1.0,0.0,0.0,0.0,1.0,0.0,0.0,0.0,0.0,0.0,0.0,1.0,0.0,1.1694,0.3795,1.1529,2.746,-0.1646,-0.3686
1128,1.0,1.0,0.0,1.0,0.0,0.0,0.0,0.0,0.0,0.0,1.0,0.0,1.0,-1.5752,1.7849,-1.5674,-0.1999,-0.6542,-0.6789
830,1.0,0.0,0.0,1.0,0.0,0.0,0.0,0.0,0.0,0.0,1.0,0.0,1.0,-0.6603,0.3795,1.1529,-0.3689,-0.9807,-0.6789
1175,1.0,0.0,0.0,0.0,0.0,1.0,0.0,0.0,0.0,0.0,1.0,0.0,0.0,1.1694,0.3795,-0.6606,-0.2566,-0.3278,-0.3686
1340,1.0,0.0,0.0,0.0,0.0,0.0,0.0,0.0,1.0,0.0,1.0,0.0,1.0,-0.6603,-1.0258,0.2461,-0.1763,0.4883,-0.3686
153,1.0,0.0,0.0,1.0,0.0,0.0,0.0,0.0,0.0,0.0,0.0,0.0,0.0,-0.6603,0.3795,-0.6606,-0.8825,1.6309,-0.6789
725,1.0,0.0,0.0,1.0,0.0,0.0,0.0,0.0,0.0,0.0,0.0,0.0,1.0,0.2545,-1.0258,-0.6606,-0.5862,-0.491,-0.6789
200,1.0,1.0,0.0,0.0,0.0,1.0,0.0,0.0,0.0,0.0,1.0,0.0,0.0,0.2545,-1.0258,-1.5674,-0.4683,-0.8175,-0.0583
870,1.0,0.0,0.0,0.0,0.0,0.0,0.0,0.0,1.0,0.0,1.0,0.0,1.0,0.2545,0.3795,-1.5674,0.5232,-0.0013,-0.3686
1130,1.0,0.0,0.0,1.0,0.0,0.0,0.0,0.0,0.0,0.0,1.0,0.0,0.0,-0.6603,1.7849,0.2461,-0.6576,0.4883,1.183
441,1.0,1.0,0.0,1.0,0.0,0.0,0.0,0.0,0.0,0.0,1.0,0.0,0.0,-0.6603,0.3795,0.2461,-0.9367,-0.8175,-0.0583
1239,1.0,1.0,0.0,0.0,0.0,1.0,0.0,0.0,0.0,0.0,0.0,1.0,0.0,1.1694,0.3795,1.1529,-0.2687,-0.3278,-0.3686
566,1.0,1.0,0.0,0.0,0.0,0.0,0.0,0.0,1.0,0.0,0.0,1.0,1.0,-0.6603,1.7849,0.2461,-0.0225,-0.3278,-0.3686
940,1.0,0.0,0.0,0.0,0.0,0.0,0.0,1.0,0.0,0.0,0.0,1.0,0.0,0.2545,0.3795,-1.5674,-0.552,-0.3278,-0.6789
1419,1.0,0.0,0.0,0.0,0.0,0.0,0.0,1.0,0.0,0.0,0.0,0.0,1.0,1.1694,0.3795,-1.5674,-0.2321,-0.491,-0.3686
775,1.0,0.0,0.0,0.0,0.0,0.0,0.0,0.0,1.0,0.0,0.0,0.0,0.0,0.2545,-1.0258,1.1529,0.9123,-0.9807,-0.6789
42,1.0,0.0,0.0,1.0,0.0,0.0,0.0,0.0,0.0,0.0,0.0,1.0,0.0,-1.5752,-2.4312,0.2461,-0.8942,-0.9807,-0.6789
48,1.0,1.0,0.0,0.0,0.0,0.0,0.0,0.0,1.0,0.0,0.0,1.0,1.0,-1.5752,0.3795,1.1529,-0.1553,0.3251,-0.6789
199,1.0,0.0,0.0,0.0,0.0,1.0,0.0,0.0,0.0,0.0,1.0,0.0,0.0,1.1694,0.3795,1.1529,-0.0514,-0.0013,-0.3686
125,1.0,0.0,0.0,0.0,0.0,0.0,0.0,1.0,0.0,0.0,1.0,0.0,0.0,0.2545,-1.0258,-0.6606,-0.8783,-0.3278,0.5624
131,1.0,1.0,0.0,0.0,0.0,0.0,0.0,0.0,1.0,0.0,0.0,1.0,0.0,0.2545,0.3795,1.1529,0.5746,-0.8175,-0.0583
358,1.0,0.0,0.0,0.0,0.0,0.0,0.0,0.0,1.0,0.0,0.0,1.0,0.0,1.1694,0.3795,1.1529,0.0319,-0.9807,-0.6789
835,1.0,0.0,1.0,0.0,0.0,0.0,0.0,0.0,0.0,0.0,0.0,1.0,0.0,0.2545,0.3795,0.2461,-0.463,-0.3278,-0.3686
1211,1.0,1.0,0.0,0.0,0.0,0.0,0.0,0.0,1.0,0.0,0.0,0.0,0.0,0.2545,-2.4312,1.1529,0.6419,-0.1646,-0.3686
363,1.0,0.0,0.0,0.0,0.0,0.0,0.0,0.0,0.0,1.0,0.0,1.0,1.0,1.1694,0.3795,0.2461,-0.7757,-0.9807,-0.6789
1009,1.0,0.0,0.0,0.0,0.0,0.0,1.0,0.0,0.0,0.0,1.0,0.0,1.0,1.1694,0.3795,-1.5674,2.8034,0.3251,-0.3686
511,1.0,0.0,0.0,0.0,0.0,1.0,0.0,0.0,0.0,0.0,0.0,0.0,1.0,-0.6603,-1.0258,-0.6606,0.4979,-0.6542,-0.6789
858,1.0,0.0,0.0,0.0,1.0,0.0,0.0,0.0,0.0,0.0,0.0,0.0,0.0,1.1694,0.3795,0.2461,2.5708,-0.0013,0.5624
359,1.0,1.0,0.0,0.0,0.0,0.0,0.0,0.0,1.0,0.0,1.0,0.0,0.0,-1.5752,-1.0258,1.1529,0.6789,0.978,-0.3686
19,1.0,0.0,0.0,0.0,0.0,0.0,0.0,1.0,0.0,0.0,0.0,1.0,1.0,1.1694,0.3795,1.1529,-0.5435,-0.6542,-0.3686
1358,1.0,0.0,0.0,0.0,0.0,0.0,0.0,0.0,1.0,0.0,0.0,0.0,1.0,0.2545,0.3795,1.1529,0.017,-0.3278,-0.3686
51,1.0,0.0,0.0,1.0,0.0,0.0,0.0,0.0,0.0,0.0,0.0,1.0,1.0,0.2545,0.3795,0.2461,-0.6504,-0.8175,-0.0583
349,1.0,0.0,0.0,0.0,0.0,0.0,0.0,0.0,1.0,0.0,1.0,0.0,0.0,1.1694,0.3795,0.2461,-0.3938,-0.491,-0.6789
500,1.0,0.0,0.0,0.0,0.0,0.0,0.0,1.0,0.0,0.0,1.0,0.0,1.0,-1.5752,0.3795,1.1529,-0.0384,-0.1646,-0.6789
247,1.0,0.0,0.0,0.0,0.0,1.0,0.0,0.0,0.0,0.0,1.0,0.0,0.0,1.1694,-1.0258,-1.5674,-0.116,0.6516,0.8727
1245,1.0,1.0,1.0,0.0,0.0,0.0,0.0,0.0,0.0,0.0,1.0,0.0,0.0,-1.5752,0.3795,1.1529,-0.9257,-0.8175,-0.0583
29,1.0,0.0,0.0,0.0,1.0,0.0,0.0,0.0,0.0,0.0,0.0,1.0,0.0,-0.6603,0.3795,-1.5674,2.6432,-0.8175,-0.0583
364,1.0,0.0,0.0,1.0,0.0,0.0,0.0,0.0,0.0,0.0,1.0,0.0,0.0,0.2545,0.3795,-1.5674,-0.648,-0.3278,-0.6789
1059,1.0,0.0,0.0,0.0,0.0,0.0,0.0,0.0,0.0,1.0,1.0,0.0,0.0,1.1694,0.3795,0.2461,-0.8706,-0.9807,-0.6789
509,1.0,1.0,0.0,0.0,0.0,0.0,0.0,0.0,0.0,0.0,0.0,0.0,0.0,0.2545,0.3795,1.1529,0.2596,0.978,0.5624
71,1.0,0.0,0.0,0.0,0.0,0.0,0.0,1.0,0.0,0.0,1.0,0.0,0.0,0.2545,0.3795,-0.6606,-0.8071,-0.3278,-0.6789
1221,1.0,0.0,0.0,0.0,0.0,0.0,0.0,0.0,0.0,0.0,1.0,0.0,0.0,0.2545,-1.0258,0.2461,0.9017,2.6103,3.6656
1033,1.0,1.0,0.0,0.0,0.0,1.0,0.0,0.0,0.0,0.0,0.0,1.0,0.0,0.2545,1.7849,-0.6606,0.2003,0.4883,0.5624
17,1.0,0.0,0.0,1.0,0.0,0.0,0.0,0.0,0.0,0.0,0.0,0.0,1.0,1.1694,1.7849,1.1529,-0.7579,-0.9807,-0.6789
1085,1.0,1.0,0.0,0.0,0.0,0.0,0.0,1.0,0.0,0.0,0.0,1.0,0.0,1.1694,0.3795,0.2461,-0.5138,-0.0013,1.4934
16,1.0,0.0,0.0,0.0,0.0,0.0,0.0,1.0,0.0,0.0,0.0,0.0,1.0,-1.5752,1.7849,-0.6606,-0.6807,-0.1646,-0.6789
62,1.0,0.0,0.0,0.0,0.0,0.0,1.0,0.0,0.0,0.0,0.0,0.0,1.0,-0.6603,-1.0258,0.2461,2.5992,3.2632,3.3553
722,1.0,1.0,0.0,0.0,0.0,0.0,0.0,1.0,0.0,0.0,1.0,0.0,0.0,0.2545,0.3795,0.2461,-0.8112,-0.8175,-0.6789
918,1.0,1.0,0.0,0.0,1.0,0.0,0.0,0.0,0.0,0.0,0.0,0.0,1.0,1.1694,0.3795,-0.6606,2.8344,3.5896,2.7347
1438,1.0,1.0,0.0,0.0,0.0,0.0,0.0,0.0,0.0,1.0,1.0,0.0,0.0,1.1694,0.3795,-1.5674,-1.0011,-0.9807,-0.3686
1228,1.0,0.0,1.0,0.0,0.0,0.0,0.0,0.0,0.0,0.0,1.0,0.0,0.0,0.2545,-2.4312,-0.6606,-0.0155,-0.6542,-0.3686
4,1.0,0.0,0.0,1.0,0.0,0.0,0.0,0.0,0.0,0.0,1.0,0.0,0.0,-1.5752,0.3795,-0.6606,-0.6446,-0.8175,-0.0583
5,1.0,1.0,0.0,1.0,0.0,0.0,0.0,0.0,0.0,0.0,0.0,1.0,0.0,1.1694,0.3795,1.1529,-0.7296,-0.0013,0.2521
1320,1.0,0.0,0.0,0.0,0.0,0.0,0.0,1.0,0.0,0.0,1.0,0.0,0.0,0.2545,0.3795,0.2461,-0.7576,-0.1646,0.2521
1181,1.0,0.0,0.0,0.0,0.0,0.0,0.0,0.0,0.0,0.0,1.0,0.0,1.0,0.2545,-1.0258,0.2461,1.5852,1.3045,-0.0583
762,1.0,1.0,0.0,0.0,0.0,0.0,0.0,1.0,0.0,0.0,1.0,0.0,1.0,-1.5752,0.3795,-1.5674,-0.9475,-0.6542,-0.3686
1448,1.0,0.0,0.0,0.0,0.0,0.0,0.0,0.0,1.0,0.0,0.0,0.0,0.0,0.2545,-1.0258,-0.6606,0.5172,-0.3278,-0.6789
383,1.0,0.0,0.0,0.0,0.0,0.0,0.0,1.0,0.0,0.0,1.0,0.0,0.0,-1.5752,0.3795,-0.6606,-0.9046,-0.8175,-0.3686
633,1.0,0.0,1.0,0.0,0.0,0.0,0.0,0.0,0.0,0.0,1.0,0.0,0.0,-1.5752,-1.0258,-1.5674,-0.8838,-0.3278,-0.6789
1286,1.0,0.0,0.0,1.0,0.0,0.0,0.0,0.0,0.0,0.0,1.0,0.0,0.0,0.2545,0.3795,-1.5674,-0.664,-0.491,-0.6789
496,1.0,0.0,0.0,0.0,0.0,0.0,0.0,0.0,0.0,1.0,0.0,1.0,0.0,0.2545,0.3795,0.2461,-0.6491,-0.6542,-0.3686
559,1.0,0.0,0.0,0.0,0.0,0.0,0.0,1.0,0.0,0.0,1.0,0.0,1.0,1.1694,0.3795,0.2461,-0.7319,-0.9807,-0.6789
1112,1.0,0.0,0.0,0.0,0.0,1.0,0.0,0.0,0.0,0.0,1.0,0.0,0.0,0.2545,0.3795,-0.6606,-0.35,-0.3278,-0.3686
392,1.0,0.0,0.0,0.0,0.0,0.0,1.0,0.0,0.0,0.0,1.0,0.0,0.0,-1.5752,0.3795,-1.5674,2.7407,-0.491,-0.3686
316,1.0,0.0,0.0,0.0,0.0,0.0,0.0,0.0,0.0,0.0,0.0,1.0,1.0,0.2545,-1.0258,0.2461,1.5848,-0.0013,-0.6789
896,1.0,0.0,0.0,0.0,0.0,0.0,0.0,0.0,0.0,0.0,0.0,1.0,0.0,0.2545,-1.0258,-1.5674,0.0656,0.4883,-0.3686
624,1.0,0.0,0.0,0.0,0.0,0.0,0.0,0.0,1.0,0.0,1.0,0.0,1.0,-1.5752,-1.0258,1.1529,0.9412,-0.3278,-0.6789
1052,1.0,0.0,0.0,0.0,0.0,0.0,0.0,1.0,0.0,0.0,0.0,0.0,0.0,0.2545,0.3795,0.2461,-1.1107,-0.9807,-0.6789
498,1.0,0.0,0.0,0.0,0.0,0.0,0.0,1.0,0.0,0.0,1.0,0.0,0.0,-1.5752,0.3795,0.2461,-0.7923,-0.8175,-0.0583
116,1.0,0.0,0.0,0.0,1.0,0.0,0.0,0.0,0.0,0.0,0.0,1.0,0.0,0.2545,-1.0258,-1.5674,1.0892,0.6516,0.8727
34,1.0,0.0,0.0,0.0,0.0,0.0,0.0,1.0,0.0,0.0,1.0,0.0,1.0,-0.6603,0.3795,1.1529,-0.8942,-0.8175,-0.0583
1041,1.0,0.0,0.0,0.0,0.0,0.0,0.0,0.0,1.0,0.0,0.0,1.0,0.0,1.1694,0.3795,-1.5674,0.4163,-0.3278,-0.3686
1406,1.0,0.0,0.0,0.0,0.0,1.0,0.0,0.0,0.0,0.0,0.0,1.0,1.0,0.2545,0.3795,-1.5674,-0.4382,-0.3278,-0.3686
1408,1.0,0.0,0.0,1.0,0.0,0.0,0.0,0.0,0.0,0.0,0.0,1.0,0.0,1.1694,0.3795,1.1529,-0.819,-0.3278,-0.3686
307,1.0,0.0,0.0,0.0,0.0,0.0,1.0,0.0,0.0,0.0,1.0,0.0,0.0,-1.5752,-1.0258,-0.6606,1.1806,0.4883,-0.6789
547,1.0,1.0,0.0,0.0,0.0,0.0,0.0,1.0,0.0,0.0,0.0,0.0,1.0,0.2545,1.7849,0.2461,-0.7952,-0.8175,-0.0583
841,1.0,0.0,0.0,1.0,0.0,0.0,0.0,0.0,0.0,0.0,0.0,1.0,0.0,1.1694,0.3795,-0.6606,-0.6172,-0.491,-0.3686
978,1.0,0.0,0.0,0.0,0.0,0.0,0.0,0.0,0.0,0.0,0.0,0.0,0.0,-0.6603,1.7849,0.2461,-0.0267,0.8148,2.7347
1297,1.0,0.0,1.0,0.0,0.0,0.0,0.0,0.0,0.0,0.0,1.0,0.0,1.0,1.1694,0.3795,-0.6606,-0.925,-0.3278,-0.3686
372,1.0,0.0,0.0,0.0,0.0,0.0,0.0,0.0,0.0,0.0,0.0,1.0,0.0,0.2545,-1.0258,-0.6606,0.0079,-0.9807,-0.6789
46,1.0,0.0,0.0,0.0,0.0,0.0,0.0,0.0,1.0,0.0,0.0,1.0,0.0,-0.6603,0.3795,0.2461,-0.411,0.3251,1.8037
1366,1.0,0.0,0.0,0.0,0.0,0.0,0.0,0.0,1.0,0.0,1.0,0.0,0.0,-1.5752,-2.4312,0.2461,-0.1629,-0.6542,-0.3686
1382,1.0,0.0,0.0,0.0,0.0,0.0,0.0,1.0,0.0,0.0,0.0,0.0,1.0,0.2545,0.3795,-1.5674,-0.7302,-0.491,-0.0583
332,1.0,1.0,0.0,0.0,0.0,0.0,0.0,1.0,0.0,0.0,0.0,1.0,0.0,1.1694,0.3795,0.2461,-0.3471,-0.491,-0.6789
1076,1.0,1.0,0.0,0.0,1.0,0.0,0.0,0.0,0.0,0.0,0.0,0.0,0.0,-0.6603,0.3795,1.1529,2.024,1.1412,-0.3686
492,1.0,0.0,0.0,0.0,1.0,0.0,0.0,0.0,0.0,0.0,1.0,0.0,0.0,1.1694,-1.0258,-1.5674,1.8902,-0.6542,-0.6789
1422,1.0,0.0,0.0,1.0,0.0,0.0,0.0,0.0,0.0,0.0,1.0,0.0,1.0,1.1694,0.3795,0.2461,-0.8163,-0.8175,-0.0583
272,1.0,0.0,0.0,0.0,0.0,0.0,0.0,1.0,0.0,0.0,1.0,0.0,0.0,1.1694,0.3795,1.1529,-0.9416,-0.3278,-0.6789
786,1.0,0.0,0.0,1.0,0.0,0.0,0.0,0.0,0.0,0.0,1.0,0.0,0.0,-1.5752,-2.4312,0.2461,-0.3997,-0.6542,-0.3686
540,1.0,0.0,0.0,0.0,0.0,0.0,0.0,1.0,0.0,0.0,0.0,1.0,1.0,-1.5752,-2.4312,-0.6606,-0.9106,-0.0013,0.2521
1400,1.0,1.0,1.0,0.0,0.0,0.0,0.0,0.0,0.0,0.0,1.0,0.0,1.0,1.1694,0.3795,-0.6606,-0.746,-0.1646,-0.3686
493,1.0,0.0,1.0,0.0,0.0,0.0,0.0,0.0,0.0,0.0,0.0,1.0,0.0,-1.5752,-1.0258,0.2461,-0.11,-0.8175,-0.6789
486,1.0,0.0,0.0,0.0,0.0,0.0,0.0,0.0,1.0,0.0,1.0,0.0,1.0,1.1694,0.3795,0.2461,0.6583,-0.6542,-0.3686
688,1.0,0.0,0.0,0.0,0.0,0.0,0.0,0.0,0.0,1.0,0.0,1.0,1.0,1.1694,-1.0258,-0.6606,-0.9308,-0.9807,-0.6789
296,1.0,0.0,0.0,1.0,0.0,0.0,0.0,0.0,0.0,0.0,0.0,1.0,0.0,0.2545,0.3795,0.2461,-1.0796,-1.1439,-0.6789
1335,1.0,0.0,0.0,0.0,0.0,0.0,0.0,1.0,0.0,0.0,0.0,0.0,0.0,1.1694,0.3795,1.1529,-0.5525,-0.8175,-0.0583
730,1.0,0.0,0.0,0.0,0.0,0.0,1.0,0.0,0.0,0.0,1.0,0.0,1.0,-0.6603,1.7849,-1.5674,1.0436,0.1619,-0.3686
817,1.0,0.0,0.0,0.0,0.0,1.0,0.0,0.0,0.0,0.0,0.0,1.0,0.0,-1.5752,0.3795,1.1529,0.271,0.6516,-0.6789
284,1.0,1.0,0.0,0.0,0.0,0.0,0.0,0.0,0.0,0.0,1.0,0.0,1.0,-1.5752,0.3795,-1.5674,-0.3742,-0.3278,0.2521
176,1.0,0.0,0.0,0.0,0.0,0.0,0.0,1.0,0.0,0.0,0.0,1.0,0.0,0.2545,0.3795,1.1529,-0.8502,-0.6542,-0.6789
210,1.0,0.0,0.0,0.0,0.0,0.0,0.0,0.0,1.0,0.0,1.0,0.0,0.0,1.1694,-2.4312,1.1529,0.8278,1.1412,2.114
537,1.0,1.0,0.0,0.0,0.0,1.0,0.0,0.0,0.0,0.0,0.0,0.0,0.0,1.1694,0.3795,-1.5674,0.4864,0.3251,-0.3686
815,1.0,0.0,0.0,0.0,0.0,0.0,0.0,1.0,0.0,0.0,0.0,1.0,1.0,1.1694,-1.0258,-0.6606,-0.9416,-0.8175,-0.0583
581,1.0,0.0,0.0,1.0,0.0,0.0,0.0,0.0,0.0,0.0,1.0,0.0,0.0,1.1694,-2.4312,0.2461,-0.5671,-0.8175,-0.6789
666,1.0,0.0,0.0,0.0,0.0,1.0,0.0,0.0,0.0,0.0,1.0,0.0,1.0,-0.6603,0.3795,0.2461,-0.4953,-0.6542,-0.6789
684,1.0,0.0,0.0,0.0,0.0,0.0,0.0,0.0,1.0,0.0,0.0,0.0,0.0,-1.5752,-1.0258,-0.6606,0.6801,-0.9807,-0.6789
0,1.0,0.0,0.0,0.0,0.0,0.0,0.0,0.0,1.0,0.0,0.0,1.0,1.0,-0.6603,0.3795,1.1529,-0.1083,-0.1646,-0.6789
412,1.0,0.0,0.0,0.0,0.0,1.0,0.0,0.0,0.0,0.0,0.0,0.0,0.0,0.2545,0.3795,0.2461,-0.3596,0.4883,-0.6789
645,1.0,0.0,0.0,0.0,0.0,0.0,0.0,0.0,0.0,1.0,0.0,0.0,1.0,-0.6603,-1.0258,0.2461,-0.7865,-0.6542,-0.6789
1119,1.0,0.0,0.0,0.0,0.0,0.0,0.0,0.0,1.0,0.0,1.0,0.0,0.0,0.2545,0.3795,-0.6606,0.7267,0.3251,1.4934
455,1.0,0.0,0.0,0.0,0.0,0.0,1.0,0.0,0.0,0.0,0.0,0.0,0.0,-1.5752,1.7849,0.2461,2.0563,-0.1646,-0.6789
656,1.0,0.0,0.0,1.0,0.0,0.0,0.0,0.0,0.0,0.0,0.0,1.0,1.0,-1.5752,0.3795,1.1529,-0.7876,-0.9807,-0.6789
110,1.0,1.0,0.0,0.0,0.0,0.0,0.0,0.0,0.0,0.0,0.0,1.0,0.0,-1.5752,-1.0258,-1.5674,0.2084,0.978,3.045
902,1.0,0.0,0.0,0.0,0.0,0.0,0.0,1.0,0.0,0.0,0.0,0.0,0.0,-1.5752,0.3795,0.2461,-0.8466,-0.3278,-0.6789
895,1.0,0.0,0.0,0.0,0.0,0.0,0.0,0.0,0.0,0.0,1.0,0.0,1.0,0.2545,0.3795,-1.5674,0.0701,-0.1646,-0.6789
521,1.0,1.0,0.0,0.0,0.0,0.0,0.0,0.0,1.0,0.0,0.0,0.0,1.0,1.1694,1.7849,1.1529,-0.3942,-0.1646,-0.6789
613,1.0,0.0,1.0,0.0,0.0,0.0,0.0,0.0,0.0,0.0,1.0,0.0,0.0,0.2545,0.3795,1.1529,-0.5875,-0.6542,-0.6789
122,1.0,0.0,0.0,0.0,0.0,0.0,0.0,1.0,0.0,0.0,1.0,0.0,1.0,-0.6603,0.3795,-0.6606,-0.3271,-0.3278,0.5624
1267,1.0,0.0,0.0,0.0,0.0,0.0,0.0,0.0,1.0,0.0,0.0,0.0,1.0,1.1694,0.3795,0.2461,-0.5314,1.3045,-0.6789
148,1.0,0.0,0.0,1.0,0.0,0.0,0.0,0.0,0.0,0.0,1.0,0.0,0.0,0.2545,0.3795,-1.5674,-0.9059,-0.3278,-0.3686
1293,1.0,0.0,0.0,0.0,0.0,0.0,0.0,1.0,0.0,0.0,0.0,1.0,0.0,-1.5752,0.3795,0.2461,-0.8634,-0.6542,-0.3686
1000,1.0,0.0,0.0,1.0,0.0,0.0,0.0,0.0,0.0,0.0,1.0,0.0,0.0,0.2545,0.3795,-1.5674,-0.7547,-0.3278,-0.6789
78,1.0,0.0,0.0,0.0,0.0,0.0,1.0,0.0,0.0,0.0,0.0,1.0,0.0,-1.5752,0.3795,0.2461,1.5211,-0.3278,-0.6789
630,1.0,0.0,0.0,0.0,0.0,1.0,0.0,0.0,0.0,0.0,1.0,0.0,0.0,1.1694,-1.0258,1.1529,-0.367,-0.8175,-0.0583
1198,1.0,0.0,0.0,0.0,0.0,0.0,0.0,0.0,1.0,0.0,0.0,0.0,1.0,0.2545,0.3795,1.1529,-0.2411,-0.1646,-0.3686
1253,1.0,0.0,0.0,0.0,0.0,0.0,0.0,0.0,1.0,0.0,0.0,1.0,0.0,1.1694,0.3795,-0.6606,-0.288,0.6516,-0.3686
713,1.0,0.0,0.0,1.0,0.0,0.0,0.0,0.0,0.0,0.0,0.0,0.0,0.0,1.1694,0.3795,1.1529,-0.8991,-0.3278,-0.6789
52,1.0,0.0,0.0,0.0,0.0,0.0,0.0,0.0,1.0,0.0,0.0,0.0,1.0,-0.6603,0.3795,-1.5674,-0.2228,-0.491,-0.3686
1315,1.0,0.0,0.0,0.0,0.0,0.0,0.0,1.0,0.0,0.0,1.0,0.0,1.0,1.1694,0.3795,-0.6606,0.0975,-0.9807,-0.6789
793,1.0,0.0,0.0,1.0,0.0,0.0,0.0,0.0,0.0,0.0,0.0,0.0,0.0,-1.5752,0.3795,0.2461,-0.9125,-0.491,-0.0583
675,1.0,0.0,0.0,0.0,0.0,0.0,0.0,0.0,0.0,1.0,1.0,0.0,0.0,-0.6603,-1.0258,0.2461,-0.8866,-0.0013,0.8727
1202,1.0,0.0,0.0,1.0,0.0,0.0,0.0,0.0,0.0,0.0,1.0,0.0,0.0,1.1694,0.3795,0.2461,-0.679,-1.1439,-0.6789
9,1.0,0.0,0.0,0.0,0.0,0.0,0.0,0.0,0.0,0.0,1.0,0.0,0.0,0.2545,0.3795,0.2461,-0.2689,-0.0013,1.4934
1268,1.0,0.0,0.0,0.0,0.0,1.0,0.0,0.0,0.0,0.0,1.0,0.0,1.0,-1.5752,-1.0258,0.2461,1.3726,-0.6542,-0.6789
1148,1.0,0.0,0.0,0.0,0.0,1.0,0.0,0.0,0.0,0.0,1.0,0.0,0.0,-0.6603,0.3795,-1.5674,-0.2392,-0.0013,1.4934
934,1.0,0.0,0.0,0.0,0.0,0.0,0.0,1.0,0.0,0.0,0.0,1.0,0.0,1.1694,0.3795,-0.6606,-0.9361,-0.8175,-0.0583
1269,1.0,0.0,1.0,0.0,0.0,0.0,0.0,0.0,0.0,0.0,0.0,1.0,0.0,-0.6603,0.3795,1.1529,-0.6296,0.3251,-0.3686
1097,1.0,0.0,0.0,1.0,0.0,0.0,0.0,0.0,0.0,0.0,0.0,0.0,0.0,0.2545,-1.0258,-1.5674,-0.8936,-0.9807,-0.6789
1352,1.0,0.0,0.0,0.0,0.0,0.0,0.0,0.0,0.0,0.0,1.0,0.0,0.0,-0.6603,1.7849,-1.5674,-0.3122,-0.8175,-0.0583
643,1.0,0.0,0.0,1.0,0.0,0.0,0.0,0.0,0.0,0.0,1.0,0.0,1.0,0.2545,1.7849,1.1529,-0.2702,-0.3278,-0.3686
97,1.0,0.0,0.0,0.0,0.0,0.0,0.0,0.0,1.0,0.0,1.0,0.0,0.0,-0.6603,0.3795,0.2461,-0.4847,-0.3278,-0.6789
483,1.0,0.0,0.0,1.0,0.0,0.0,0.0,0.0,0.0,0.0,0.0,1.0,0.0,-1.5752,-1.0258,1.1529,-0.5994,-0.6542,-0.6789
1284,1.0,0.0,0.0,0.0,0.0,0.0,1.0,0.0,0.0,0.0,0.0,1.0,0.0,0.2545,0.3795,0.2461,1.4786,-0.491,-0.0583
1226,1.0,1.0,0.0,0.0,0.0,0.0,0.0,1.0,0.0,0.0,1.0,0.0,0.0,-1.5752,0.3795,0.2461,-0.6521,-0.3278,-0.3686
707,1.0,1.0,0.0,0.0,0.0,1.0,0.0,0.0,0.0,0.0,0.0,0.0,1.0,0.2545,1.7849,0.2461,-0.305,1.9574,-0.0583
683,1.0,0.0,0.0,0.0,0.0,0.0,0.0,0.0,0.0,1.0,1.0,0.0,1.0,0.2545,-1.0258,-0.6606,-0.8687,-0.9807,-0.6789
1377,1.0,1.0,0.0,0.0,0.0,0.0,1.0,0.0,0.0,0.0,1.0,0.0,0.0,-0.6603,0.3795,1.1529,2.6887,-0.3278,0.5624
1103,1.0,0.0,0.0,0.0,0.0,0.0,0.0,0.0,1.0,0.0,0.0,0.0,0.0,0.2545,0.3795,0.2461,-0.0136,0.1619,1.4934
213,1.0,0.0,0.0,0.0,0.0,0.0,1.0,0.0,0.0,0.0,1.0,0.0,0.0,-0.6603,-1.0258,-0.6606,1.2717,0.4883,0.5624
665,1.0,0.0,0.0,0.0,0.0,0.0,0.0,0.0,0.0,1.0,0.0,1.0,1.0,1.1694,-1.0258,1.1529,-0.6816,-0.6542,-0.3686
1153,1.0,1.0,0.0,0.0,0.0,0.0,0.0,0.0,0.0,1.0,0.0,1.0,1.0,-0.6603,0.3795,1.1529,-1.048,-1.1439,-0.6789
1457,1.0,0.0,0.0,0.0,0.0,0.0,0.0,1.0,0.0,0.0,1.0,0.0,0.0,0.2545,0.3795,0.2461,-0.9562,-0.3278,-0.6789
781,1.0,0.0,0.0,1.0,0.0,0.0,0.0,0.0,0.0,0.0,1.0,0.0,0.0,-1.5752,-1.0258,-1.5674,-0.5412,-0.3278,-0.3686
1028,1.0,0.0,0.0,0.0,0.0,0.0,0.0,1.0,0.0,0.0,1.0,0.0,1.0,-0.6603,1.7849,0.2461,-0.9295,-0.491,-0.6789
63,1.0,0.0,0.0,0.0,0.0,0.0,0.0,0.0,1.0,0.0,0.0,1.0,0.0,-1.5752,0.3795,-1.5674,0.2409,2.2838,1.4934
1088,1.0,0.0,0.0,1.0,0.0,0.0,0.0,0.0,0.0,0.0,1.0,0.0,0.0,0.2545,-1.0258,-0.6606,-0.353,-0.9807,-0.6789
993,1.0,0.0,0.0,0.0,0.0,0.0,0.0,0.0,1.0,0.0,1.0,0.0,0.0,-1.5752,1.7849,0.2461,-0.0575,-0.6542,-0.3686
1436,1.0,0.0,0.0,0.0,0.0,0.0,0.0,0.0,0.0,1.0,0.0,1.0,1.0,0.2545,0.3795,-1.5674,-0.8757,-0.8175,-0.3686
854,1.0,0.0,0.0,0.0,0.0,0.0,0.0,1.0,0.0,0.0,1.0,0.0,1.0,-1.5752,0.3795,0.2461,-0.4303,-0.6542,-0.6789
912,1.0,0.0,0.0,0.0,0.0,0.0,0.0,1.0,0.0,0.0,0.0,1.0,1.0,0.2545,0.3795,1.1529,-0.7706,0.1619,-0.0583
280,1.0,0.0,0.0,0.0,0.0,0.0,1.0,0.0,0.0,0.0,1.0,0.0,1.0,0.2545,0.3795,0.2461,2.3537,-0.3278,-0.3686
761,1.0,0.0,0.0,1.0,0.0,0.0,0.0,0.0,0.0,0.0,0.0,0.0,0.0,-1.5752,0.3795,0.2461,-0.3545,-0.9807,-0.6789
795,1.0,0.0,0.0,0.0,0.0,0.0,0.0,0.0,1.0,0.0,0.0,0.0,1.0,1.1694,-1.0258,1.1529,0.0406,-0.9807,-0.6789
193,1.0,0.0,0.0,0.0,0.0,0.0,0.0,1.0,0.0,0.0,0.0,0.0,0.0,1.1694,1.7849,1.1529,-0.9375,-0.3278,-0.0583
504,1.0,1.0,0.0,0.0,0.0,0.0,0.0,0.0,1.0,0.0,1.0,0.0,0.0,-1.5752,0.3795,-1.5674,-0.4709,-0.9807,-0.6789
851,1.0,0.0,0.0,0.0,1.0,0.0,0.0,0.0,0.0,0.0,0.0,0.0,0.0,1.1694,0.3795,-1.5674,2.8548,-0.3278,0.5624
1025,1.0,0.0,0.0,0.0,0.0,0.0,0.0,0.0,1.0,0.0,1.0,0.0,1.0,1.1694,0.3795,0.2461,-0.4972,-0.3278,-0.6789
1247,1.0,0.0,0.0,0.0,0.0,0.0,0.0,0.0,1.0,0.0,1.0,0.0,0.0,-1.5752,0.3795,0.2461,0.3915,-0.3278,-0.6789
1113,1.0,0.0,0.0,0.0,0.0,0.0,0.0,1.0,0.0,0.0,1.0,0.0,0.0,1.1694,0.3795,-1.5674,-0.5132,-0.1646,-0.3686
146,1.0,0.0,0.0,1.0,0.0,0.0,0.0,0.0,0.0,0.0,0.0,1.0,0.0,-0.6603,-1.0258,1.1529,-0.8035,-0.3278,-0.3686
1278,1.0,0.0,0.0,0.0,0.0,0.0,0.0,0.0,0.0,0.0,1.0,0.0,1.0,1.1694,0.3795,-1.5674,0.3862,0.8148,0.8727
595,1.0,0.0,0.0,0.0,0.0,0.0,1.0,0.0,0.0,0.0,0.0,1.0,1.0,1.1694,0.3795,-0.6606,2.7067,3.9161,3.3553
1188,1.0,0.0,0.0,0.0,0.0,0.0,0.0,0.0,1.0,0.0,0.0,0.0,1.0,-1.5752,-1.0258,-0.6606,-0.4919,0.4883,-0.6789
109,1.0,0.0,0.0,1.0,0.0,0.0,0.0,0.0,0.0,0.0,0.0,1.0,0.0,-0.6603,0.3795,1.1529,-0.7714,-1.1439,-0.6789
1356,1.0,0.0,0.0,0.0,0.0,0.0,0.0,0.0,1.0,0.0,1.0,0.0,0.0,0.2545,0.3795,-0.6606,-0.4482,-0.3278,-0.3686
764,1.0,0.0,0.0,0.0,0.0,0.0,0.0,0.0,0.0,1.0,1.0,0.0,0.0,1.1694,0.3795,-0.6606,-1.1578,-0.9807,-0.6789
1019,1.0,0.0,0.0,0.0,0.0,0.0,0.0,0.0,1.0,0.0,1.0,0.0,0.0,0.2545,-1.0258,-1.5674,-0.1818,-0.6542,-0.6789
320,1.0,0.0,0.0,0.0,0.0,0.0,0.0,0.0,1.0,0.0,0.0,1.0,1.0,1.1694,0.3795,0.2461,-0.4301,-0.3278,-0.6789
232,1.0,0.0,1.0,0.0,0.0,0.0,0.0,0.0,0.0,0.0,1.0,0.0,0.0,-0.6603,0.3795,0.2461,-0.8997,-0.8175,-0.0583
13,1.0,0.0,0.0,1.0,0.0,0.0,0.0,0.0,0.0,0.0,0.0,0.0,0.0,-0.6603,0.3795,1.1529,-0.8161,-0.8175,-0.3686
198,1.0,0.0,0.0,0.0,0.0,1.0,0.0,0.0,0.0,0.0,1.0,0.0,0.0,1.1694,0.3795,0.2461,0.0106,-0.9807,-0.6789
106,1.0,1.0,0.0,0.0,0.0,0.0,1.0,0.0,0.0,0.0,1.0,0.0,1.0,-1.5752,0.3795,-0.6606,2.4786,0.1619,-0.6789
454,1.0,0.0,0.0,0.0,0.0,1.0,0.0,0.0,0.0,0.0,0.0,0.0,0.0,1.1694,0.3795,1.1529,-0.476,-0.6542,-0.3686
377,1.0,0.0,0.0,0.0,0.0,0.0,0.0,1.0,0.0,0.0,1.0,0.0,0.0,1.1694,0.3795,0.2461,-0.8411,-0.8175,-0.0583
437,1.0,0.0,0.0,0.0,0.0,0.0,0.0,0.0,0.0,1.0,0.0,1.0,0.0,1.1694,0.3795,-0.6606,-0.7477,-0.6542,-0.3686
1314,1.0,0.0,0.0,0.0,0.0,0.0,0.0,0.0,1.0,0.0,1.0,0.0,0.0,0.2545,0.3795,0.2461,-0.2865,0.1619,0.8727
1092,1.0,0.0,0.0,0.0,0.0,0.0,0.0,1.0,0.0,0.0,1.0,0.0,0.0,1.1694,0.3795,1.1529,-0.9284,-0.3278,-0.6789
1218,1.0,0.0,0.0,0.0,0.0,0.0,0.0,0.0,1.0,0.0,0.0,1.0,0.0,1.1694,0.3795,0.2461,0.5816,0.4883,1.8037
977,1.0,0.0,0.0,0.0,0.0,0.0,0.0,1.0,0.0,0.0,0.0,0.0,0.0,-1.5752,-1.0258,0.2461,-0.9503,-0.3278,-0.6789
507,1.0,0.0,0.0,0.0,0.0,0.0,0.0,0.0,1.0,0.0,1.0,0.0,0.0,-0.6603,0.3795,0.2461,-0.2001,-0.1646,-0.3686
1249,1.0,0.0,0.0,0.0,0.0,0.0,0.0,0.0,0.0,1.0,0.0,1.0,0.0,-0.6603,-2.4312,-0.6606,-0.795,-0.8175,-0.0583
1056,1.0,1.0,0.0,0.0,0.0,0.0,0.0,0.0,0.0,1.0,1.0,0.0,0.0,-1.5752,0.3795,0.2461,-0.7634,-0.6542,-0.3686
1177,1.0,0.0,0.0,0.0,0.0,0.0,1.0,0.0,0.0,0.0,0.0,0.0,0.0,1.1694,-1.0258,-1.5674,1.4372,1.1412,-0.3686
855,1.0,0.0,0.0,0.0,0.0,1.0,0.0,0.0,0.0,0.0,1.0,0.0,0.0,1.1694,-1.0258,1.1529,-0.0061,1.1412,0.2521
567,1.0,0.0,0.0,0.0,0.0,0.0,0.0,0.0,1.0,0.0,0.0,1.0,0.0,1.1694,0.3795,1.1529,-0.0486,-0.1646,-0.3686
948,1.0,0.0,0.0,0.0,1.0,0.0,0.0,0.0,0.0,0.0,1.0,0.0,1.0,-0.6603,0.3795,-1.5674,1.1498,0.3251,-0.6789
401,1.0,1.0,0.0,0.0,0.0,0.0,0.0,0.0,1.0,0.0,1.0,0.0,0.0,0.2545,1.7849,-1.5674,1.425,-0.0013,1.4934
1133,1.0,0.0,0.0,1.0,0.0,0.0,0.0,0.0,0.0,0.0,0.0,0.0,0.0,1.1694,1.7849,-0.6606,-0.3456,-0.1646,-0.6789
204,1.0,0.0,0.0,0.0,0.0,0.0,0.0,0.0,0.0,0.0,1.0,0.0,1.0,-0.6603,0.3795,-1.5674,0.0361,-0.9807,-0.6789
1136,1.0,0.0,0.0,1.0,0.0,0.0,0.0,0.0,0.0,0.0,1.0,0.0,1.0,0.2545,0.3795,-0.6606,-0.8698,-0.9807,-0.6789
944,1.0,0.0,0.0,1.0,0.0,0.0,0.0,0.0,0.0,0.0,1.0,0.0,0.0,0.2545,-2.4312,1.1529,0.0363,0.3251,1.4934
1122,1.0,0.0,0.0,1.0,0.0,0.0,0.0,0.0,0.0,0.0,0.0,1.0,1.0,-0.6603,0.3795,-1.5674,-0.3781,0.4883,-0.3686
1426,1.0,0.0,0.0,1.0,0.0,0.0,0.0,0.0,0.0,0.0,0.0,1.0,0.0,0.2545,-1.0258,-0.6606,-0.7787,-0.1646,0.5624
974,1.0,1.0,0.0,0.0,0.0,0.0,0.0,0.0,1.0,0.0,0.0,1.0,0.0,1.1694,-2.4312,1.1529,-0.3042,-0.1646,-0.6789
406,1.0,0.0,0.0,0.0,0.0,1.0,0.0,0.0,0.0,0.0,1.0,0.0,1.0,1.1694,-1.0258,0.2461,0.3114,-0.3278,-0.6789
1002,1.0,1.0,0.0,0.0,0.0,1.0,0.0,0.0,0.0,0.0,0.0,1.0,0.0,0.2545,0.3795,1.1529,0.6073,-0.8175,-0.0583
1037,1.0,0.0,0.0,0.0,0.0,1.0,0.0,0.0,0.0,0.0,1.0,0.0,1.0,-0.6603,0.3795,1.1529,0.6111,-0.6542,-0.3686
179,1.0,0.0,0.0,1.0,0.0,0.0,0.0,0.0,0.0,0.0,0.0,1.0,0.0,0.2545,0.3795,1.1529,-0.8953,-0.8175,-0.0583
1080,1.0,0.0,0.0,0.0,1.0,0.0,0.0,0.0,0.0,0.0,1.0,0.0,0.0,0.2545,0.3795,-0.6606,2.146,0.978,0.8727
655,1.0,0.0,1.0,0.0,0.0,0.0,0.0,0.0,0.0,0.0,0.0,0.0,1.0,1.1694,0.3795,-0.6606,-0.8976,-0.491,-0.6789
157,1.0,0.0,0.0,0.0,0.0,0.0,0.0,1.0,0.0,0.0,1.0,0.0,1.0,-0.6603,-1.0258,-0.6606,-0.6706,-0.9807,-0.6789
946,1.0,0.0,0.0,0.0,0.0,0.0,0.0,0.0,1.0,0.0,0.0,1.0,1.0,1.1694,-1.0258,-0.6606,0.5504,-0.3278,-0.3686
308,1.0,0.0,0.0,0.0,0.0,0.0,0.0,0.0,0.0,0.0,0.0,0.0,1.0,1.1694,-2.4312,0.2461,-0.179,-0.3278,-0.3686
699,1.0,0.0,0.0,0.0,1.0,0.0,0.0,0.0,0.0,0.0,1.0,0.0,0.0,1.1694,0.3795,1.1529,2.2507,0.3251,1.4934
748,1.0,0.0,0.0,0.0,0.0,0.0,0.0,0.0,1.0,0.0,0.0,1.0,0.0,-0.6603,-2.4312,-1.5674,-0.3258,-0.8175,-0.0583
382,1.0,1.0,0.0,0.0,0.0,0.0,0.0,1.0,0.0,0.0,0.0,1.0,0.0,0.2545,0.3795,-1.5674,-0.7224,-0.1646,-0.6789
381,1.0,0.0,0.0,0.0,0.0,0.0,0.0,0.0,0.0,1.0,1.0,0.0,0.0,0.2545,0.3795,-0.6606,-0.8553,-0.9807,-0.6789
1082,1.0,0.0,0.0,1.0,0.0,0.0,0.0,0.0,0.0,0.0,0.0,1.0,0.0,-1.5752,0.3795,0.2461,-0.8987,-0.491,-0.3686
346,1.0,0.0,0.0,0.0,0.0,1.0,0.0,0.0,0.0,0.0,0.0,1.0,1.0,1.1694,-1.0258,-0.6606,-0.1,-0.3278,-0.3686
132,1.0,0.0,0.0,0.0,0.0,0.0,0.0,0.0,1.0,0.0,1.0,0.0,1.0,-0.6603,-2.4312,0.2461,-0.4129,-0.8175,-0.0583
560,1.0,0.0,0.0,0.0,0.0,1.0,0.0,0.0,0.0,0.0,0.0,0.0,0.0,-0.6603,0.3795,-1.5674,-0.2935,-1.1439,-0.6789
701,1.0,0.0,0.0,0.0,1.0,0.0,0.0,0.0,0.0,0.0,0.0,0.0,0.0,0.2545,0.3795,0.2461,1.7734,1.6309,3.976
575,1.0,0.0,0.0,0.0,0.0,1.0,0.0,0.0,0.0,0.0,0.0,0.0,1.0,1.1694,0.3795,-1.5674,-0.2162,-0.3278,-0.3686
1114,1.0,0.0,0.0,0.0,0.0,0.0,0.0,1.0,0.0,0.0,1.0,0.0,0.0,0.2545,0.3795,-1.5674,-0.8785,0.1619,1.4934
233,1.0,0.0,0.0,0.0,1.0,0.0,0.0,0.0,0.0,0.0,0.0,0.0,0.0,1.1694,0.3795,1.1529,2.7643,-0.0013,-0.6789
1051,1.0,1.0,0.0,0.0,0.0,0.0,0.0,0.0,1.0,0.0,1.0,0.0,0.0,-1.5752,0.3795,0.2461,-0.3685,-0.9807,-0.6789
1190,1.0,0.0,0.0,0.0,0.0,0.0,0.0,1.0,0.0,0.0,0.0,0.0,0.0,1.1694,0.3795,-0.6606,-0.2194,0.3251,-0.3686
1361,1.0,1.0,0.0,1.0,0.0,0.0,0.0,0.0,0.0,0.0,1.0,0.0,0.0,0.2545,1.7849,1.1529,-0.8409,-0.0013,1.4934
32,1.0,0.0,0.0,1.0,0.0,0.0,0.0,0.0,0.0,0.0,0.0,1.0,0.0,1.1694,-1.0258,0.2461,-0.9127,0.4883,-0.3686
1219,1.0,0.0,0.0,1.0,0.0,0.0,0.0,0.0,0.0,0.0,1.0,0.0,0.0,1.1694,0.3795,0.2461,-0.7496,-0.3278,-0.3686
771,1.0,0.0,0.0,0.0,0.0,0.0,0.0,0.0,1.0,0.0,1.0,0.0,0.0,0.2545,-1.0258,0.2461,0.8885,0.3251,1.4934
411,1.0,0.0,0.0,0.0,1.0,0.0,0.0,0.0,0.0,0.0,1.0,0.0,0.0,-1.5752,0.3795,-1.5674,2.7747,3.5896,2.7347
785,1.0,0.0,0.0,0.0,0.0,0.0,0.0,0.0,0.0,0.0,1.0,0.0,0.0,-1.5752,0.3795,1.1529,0.8112,0.6516,2.7347
1347,1.0,1.0,1.0,0.0,0.0,0.0,0.0,0.0,0.0,0.0,0.0,1.0,0.0,-0.6603,-1.0258,1.1529,-0.5559,0.4883,-0.6789
458,1.0,0.0,0.0,0.0,0.0,0.0,0.0,0.0,1.0,0.0,0.0,0.0,0.0,0.2545,-2.4312,-1.5674,0.9408,-0.9807,-0.6789
586,1.0,0.0,0.0,1.0,0.0,0.0,0.0,0.0,0.0,0.0,0.0,0.0,0.0,0.2545,-1.0258,-0.6606,-0.809,-0.9807,-0.6789
508,1.0,0.0,0.0,0.0,0.0,0.0,0.0,1.0,0.0,0.0,0.0,1.0,0.0,-0.6603,-2.4312,1.1529,0.0304,1.6309,2.7347
326,1.0,1.0,0.0,0.0,1.0,0.0,0.0,0.0,0.0,0.0,1.0,0.0,0.0,0.2545,-1.0258,1.1529,2.7122,2.2838,3.3553
1171,1.0,0.0,0.0,1.0,0.0,0.0,0.0,0.0,0.0,0.0,0.0,1.0,1.0,-1.5752,0.3795,-1.5674,-0.9212,-0.491,-0.6789
1372,1.0,0.0,0.0,0.0,0.0,1.0,0.0,0.0,0.0,0.0,1.0,0.0,0.0,-1.5752,0.3795,-1.5674,-0.2872,0.4883,1.4934
970,1.0,0.0,0.0,0.0,0.0,0.0,0.0,0.0,0.0,1.0,1.0,0.0,0.0,0.2545,1.7849,1.1529,-0.843,-0.9807,-0.6789
487,1.0,0.0,0.0,0.0,0.0,0.0,0.0,1.0,0.0,0.0,0.0,1.0,0.0,1.1694,-1.0258,-0.6606,-0.7789,-0.9807,-0.6789
1367,1.0,0.0,0.0,0.0,0.0,0.0,0.0,1.0,0.0,0.0,1.0,0.0,0.0,-0.6603,0.3795,-0.6606,-0.9084,-0.3278,-0.3686
489,1.0,0.0,0.0,0.0,0.0,0.0,1.0,0.0,0.0,0.0,0.0,0.0,1.0,-0.6603,-1.0258,1.1529,2.1504,-0.9807,-0.6789
37,1.0,0.0,0.0,0.0,0.0,0.0,0.0,0.0,0.0,1.0,1.0,0.0,0.0,1.1694,0.3795,1.1529,-0.9535,-0.8175,-0.0583
124,1.0,0.0,0.0,0.0,0.0,0.0,0.0,0.0,1.0,0.0,1.0,0.0,1.0,-0.6603,-2.4312,0.2461,-0.0703,-0.0013,1.4934
313,1.0,1.0,0.0,0.0,1.0,0.0,0.0,0.0,0.0,0.0,1.0,0.0,0.0,1.1694,0.3795,-0.6606,1.1417,0.4883,1.8037
1364,1.0,1.0,0.0,0.0,0.0,0.0,0.0,0.0,1.0,0.0,1.0,0.0,1.0,0.2545,-1.0258,1.1529,0.0703,-0.0013,-0.6789
257,1.0,0.0,0.0,0.0,0.0,0.0,1.0,0.0,0.0,0.0,0.0,0.0,0.0,-1.5752,0.3795,0.2461,2.7471,2.2838,0.2521
395,1.0,1.0,0.0,1.0,0.0,0.0,0.0,0.0,0.0,0.0,1.0,0.0,0.0,1.1694,0.3795,1.1529,-0.9017,-0.6542,-0.3686
729,1.0,0.0,0.0,0.0,0.0,0.0,0.0,0.0,0.0,0.0,0.0,0.0,1.0,0.2545,0.3795,0.2461,0.8252,1.4677,2.4243
171,1.0,1.0,0.0,0.0,0.0,0.0,0.0,0.0,0.0,1.0,0.0,1.0,0.0,0.2545,-2.4312,-1.5674,-0.8874,-1.1439,-0.6789
1380,1.0,0.0,0.0,0.0,0.0,0.0,0.0,0.0,1.0,0.0,1.0,0.0,0.0,-0.6603,0.3795,-1.5674,-0.2001,-0.3278,-0.6789
759,1.0,0.0,1.0,0.0,0.0,0.0,0.0,0.0,0.0,0.0,0.0,1.0,0.0,-0.6603,0.3795,-0.6606,-0.9189,-0.1646,-0.6789
1354,1.0,0.0,0.0,1.0,0.0,0.0,0.0,0.0,0.0,0.0,0.0,1.0,0.0,-1.5752,0.3795,1.1529,-0.8318,-0.491,-0.3686
797,1.0,0.0,0.0,1.0,0.0,0.0,0.0,0.0,0.0,0.0,0.0,0.0,0.0,-1.5752,0.3795,0.2461,-0.8764,-0.9807,-0.6789
563,1.0,0.0,0.0,0.0,0.0,0.0,0.0,0.0,1.0,0.0,0.0,1.0,0.0,0.2545,0.3795,1.1529,-0.0686,-0.1646,-0.3686
650,1.0,1.0,0.0,0.0,0.0,0.0,0.0,0.0,0.0,0.0,1.0,0.0,0.0,1.1694,0.3795,1.1529,-0.1999,-0.3278,-0.0583
427,1.0,1.0,0.0,0.0,0.0,0.0,0.0,0.0,1.0,0.0,1.0,0.0,0.0,0.2545,-1.0258,-1.5674,0.7993,1.7941,3.3553
223,1.0,0.0,0.0,0.0,0.0,0.0,0.0,0.0,1.0,0.0,0.0,0.0,0.0,-1.5752,0.3795,0.2461,0.8722,1.4677,0.8727
92,1.0,0.0,0.0,0.0,0.0,0.0,0.0,0.0,1.0,0.0,0.0,0.0,1.0,0.2545,-1.0258,-0.6606,-0.2748,0.6516,-0.0583
389,1.0,0.0,0.0,0.0,0.0,1.0,0.0,0.0,0.0,0.0,0.0,1.0,1.0,0.2545,0.3795,-0.6606,-0.4898,-0.9807,-0.6789
668,1.0,0.0,0.0,0.0,0.0,0.0,0.0,1.0,0.0,0.0,0.0,0.0,0.0,0.2545,0.3795,0.2461,-0.8764,-0.8175,-0.0583
477,1.0,1.0,0.0,0.0,1.0,0.0,0.0,0.0,0.0,0.0,1.0,0.0,0.0,-1.5752,0.3795,-0.6606,2.4845,4.0793,2.4243
1306,1.0,1.0,0.0,0.0,0.0,0.0,0.0,0.0,1.0,0.0,1.0,0.0,0.0,-1.5752,0.3795,-1.5674,0.6657,-0.6542,-0.0583
1319,1.0,1.0,0.0,0.0,0.0,0.0,0.0,0.0,1.0,0.0,0.0,1.0,0.0,1.1694,0.3795,1.1529,-0.394,-1.1439,-0.6789
850,1.0,0.0,0.0,0.0,0.0,0.0,0.0,0.0,0.0,1.0,0.0,0.0,0.0,0.2545,0.3795,-1.5674,-0.7808,-0.9807,-0.6789
68,1.0,1.0,0.0,0.0,0.0,0.0,0.0,1.0,0.0,0.0,1.0,0.0,0.0,-0.6603,0.3795,-1.5674,-0.9152,-0.6542,-0.3686
53,1.0,0.0,0.0,0.0,0.0,0.0,0.0,0.0,0.0,0.0,1.0,0.0,1.0,0.2545,-1.0258,-1.5674,0.7182,-0.491,-0.0583
469,1.0,0.0,0.0,0.0,0.0,0.0,0.0,0.0,1.0,0.0,1.0,0.0,0.0,1.1694,1.7849,0.2461,-0.3815,-0.491,-0.3686
1291,1.0,0.0,0.0,0.0,0.0,1.0,0.0,0.0,0.0,0.0,0.0,1.0,0.0,1.1694,0.3795,-1.5674,-0.4864,0.4883,-0.6789
67,1.0,0.0,0.0,0.0,0.0,0.0,0.0,1.0,0.0,0.0,0.0,0.0,0.0,-0.6603,0.3795,-1.5674,0.6842,-0.9807,-0.6789
952,1.0,1.0,0.0,0.0,0.0,0.0,0.0,0.0,0.0,1.0,0.0,1.0,1.0,1.1694,0.3795,-0.6606,-0.8923,-0.6542,-0.0583
1272,1.0,0.0,0.0,1.0,0.0,0.0,0.0,0.0,0.0,0.0,1.0,0.0,0.0,1.1694,-1.0258,0.2461,-0.5949,-0.3278,-0.6789
380,1.0,0.0,0.0,0.0,0.0,0.0,0.0,0.0,1.0,0.0,0.0,0.0,1.0,1.1694,0.3795,0.2461,-0.4764,-0.3278,-0.6789
355,1.0,0.0,0.0,0.0,0.0,0.0,0.0,0.0,1.0,0.0,1.0,0.0,0.0,0.2545,0.3795,0.2461,-0.2564,0.1619,1.4934
460,1.0,0.0,0.0,0.0,0.0,0.0,0.0,0.0,1.0,0.0,0.0,0.0,0.0,-1.5752,0.3795,0.2461,-0.4666,-1.1439,-0.6789
789,1.0,0.0,1.0,0.0,0.0,0.0,0.0,0.0,0.0,0.0,1.0,0.0,0.0,-0.6603,-1.0258,-1.5674,0.8452,2.1206,0.2521
1288,1.0,0.0,0.0,0.0,0.0,1.0,0.0,0.0,0.0,0.0,0.0,0.0,0.0,-0.6603,0.3795,1.1529,-0.1574,-0.0013,-0.3686
926,1.0,0.0,0.0,0.0,0.0,0.0,0.0,0.0,1.0,0.0,0.0,1.0,0.0,1.1694,-1.0258,1.1529,0.7919,2.2838,3.976
769,1.0,1.0,0.0,0.0,0.0,0.0,0.0,1.0,0.0,0.0,0.0,0.0,0.0,-1.5752,-1.0258,0.2461,-0.955,-0.3278,-0.3686
1430,1.0,0.0,0.0,0.0,0.0,0.0,1.0,0.0,0.0,0.0,1.0,0.0,0.0,-0.6603,-2.4312,0.2461,1.4238,1.7941,-0.3686
852,1.0,0.0,0.0,1.0,0.0,0.0,0.0,0.0,0.0,0.0,1.0,0.0,0.0,-0.6603,0.3795,1.1529,-0.7162,0.4883,-0.6789
766,1.0,0.0,0.0,0.0,0.0,0.0,1.0,0.0,0.0,0.0,1.0,0.0,1.0,-0.6603,0.3795,0.2461,2.7048,0.1619,1.4934
641,1.0,1.0,0.0,0.0,0.0,0.0,0.0,0.0,1.0,0.0,1.0,0.0,0.0,-0.6603,0.3795,-0.6606,0.0045,0.4883,0.8727
40,1.0,0.0,0.0,1.0,0.0,0.0,0.0,0.0,0.0,0.0,0.0,0.0,0.0,0.2545,0.3795,1.1529,-0.9669,-0.9807,-0.6789
1183,1.0,0.0,0.0,0.0,0.0,0.0,0.0,0.0,0.0,0.0,0.0,0.0,0.0,1.1694,1.7849,-1.5674,0.072,-0.3278,-0.6789
1074,1.0,0.0,0.0,0.0,0.0,0.0,0.0,0.0,0.0,0.0,0.0,1.0,1.0,1.1694,0.3795,0.2461,-0.0244,-1.1439,-0.6789
117,1.0,1.0,0.0,0.0,0.0,0.0,0.0,0.0,1.0,0.0,1.0,0.0,0.0,-0.6603,0.3795,1.1529,0.6871,0.3251,-0.0583
1031,1.0,0.0,0.0,0.0,0.0,0.0,0.0,0.0,1.0,0.0,0.0,0.0,0.0,-1.5752,0.3795,1.1529,0.7632,-0.0013,0.5624
1139,1.0,0.0,0.0,0.0,0.0,0.0,0.0,1.0,0.0,0.0,1.0,0.0,0.0,-0.6603,1.7849,1.1529,-0.6778,-0.6542,-0.6789
976,1.0,0.0,0.0,0.0,0.0,1.0,0.0,0.0,0.0,0.0,1.0,0.0,1.0,1.1694,0.3795,-0.6606,1.4654,1.9574,3.976
50,1.0,0.0,0.0,1.0,0.0,0.0,0.0,0.0,0.0,0.0,0.0,1.0,1.0,-1.5752,-1.0258,0.2461,-0.2383,-0.9807,-0.6789
66,1.0,1.0,0.0,0.0,0.0,1.0,0.0,0.0,0.0,0.0,0.0,1.0,0.0,-0.6603,-1.0258,-0.6606,-0.0008,-0.1646,-0.6789
86,1.0,0.0,0.0,0.0,0.0,0.0,0.0,0.0,0.0,1.0,0.0,0.0,0.0,0.2545,0.3795,-1.5674,-0.8881,-1.1439,-0.6789
763,1.0,0.0,0.0,0.0,0.0,0.0,0.0,0.0,0.0,1.0,1.0,0.0,1.0,0.2545,0.3795,0.2461,-0.9097,-0.9807,-0.6789
159,1.0,1.0,0.0,0.0,0.0,0.0,0.0,0.0,0.0,1.0,1.0,0.0,0.0,0.2545,0.3795,0.2461,-0.9074,-0.491,-0.3686
250,1.0,1.0,0.0,0.0,0.0,1.0,0.0,0.0,0.0,0.0,0.0,0.0,0.0,-1.5752,0.3795,0.2461,0.753,-0.9807,-0.6789
1001,1.0,0.0,0.0,1.0,0.0,0.0,0.0,0.0,0.0,0.0,0.0,1.0,0.0,-1.5752,0.3795,0.2461,-0.6104,-0.6542,-0.6789
612,1.0,0.0,0.0,0.0,0.0,0.0,0.0,0.0,1.0,0.0,1.0,0.0,1.0,-0.6603,0.3795,-0.6606,-0.3662,0.1619,1.4934
1141,1.0,0.0,0.0,0.0,0.0,0.0,0.0,1.0,0.0,0.0,1.0,0.0,0.0,-0.6603,-1.0258,-0.6606,-0.9265,-0.1646,-0.3686
168,1.0,0.0,0.0,0.0,0.0,0.0,0.0,0.0,1.0,0.0,0.0,1.0,0.0,-1.5752,-1.0258,1.1529,0.4637,0.1619,-0.6789
1405,1.0,0.0,0.0,0.0,0.0,0.0,1.0,0.0,0.0,0.0,1.0,0.0,0.0,0.2545,0.3795,0.2461,0.9618,0.6516,0.5624
341,1.0,0.0,0.0,0.0,0.0,0.0,1.0,0.0,0.0,0.0,0.0,0.0,1.0,0.2545,-1.0258,1.1529,1.0635,0.6516,-0.0583
1165,1.0,1.0,1.0,0.0,0.0,0.0,0.0,0.0,0.0,0.0,1.0,0.0,1.0,-1.5752,0.3795,1.1529,-0.1614,0.4883,-0.6789
961,1.0,1.0,0.0,0.0,0.0,0.0,0.0,1.0,0.0,0.0,0.0,1.0,1.0,0.2545,0.3795,0.2461,-0.4787,0.3251,-0.3686
1144,1.0,1.0,0.0,0.0,0.0,0.0,0.0,0.0,1.0,0.0,0.0,1.0,0.0,1.1694,0.3795,-1.5674,-0.2487,-0.3278,-0.6789
1027,1.0,0.0,0.0,1.0,0.0,0.0,0.0,0.0,0.0,0.0,1.0,0.0,0.0,1.1694,-1.0258,-0.6606,-0.6816,-0.3278,-0.6789
340,1.0,0.0,0.0,0.0,0.0,1.0,0.0,0.0,0.0,0.0,0.0,0.0,0.0,1.1694,0.3795,1.1529,-0.0331,-0.1646,-0.6789
1255,1.0,0.0,0.0,0.0,0.0,0.0,0.0,0.0,1.0,0.0,0.0,1.0,1.0,-1.5752,0.3795,-1.5674,0.4378,-1.1439,-0.6789
1316,1.0,1.0,0.0,0.0,0.0,0.0,0.0,0.0,1.0,0.0,1.0,0.0,0.0,-1.5752,0.3795,1.1529,-0.1759,-0.0013,1.4934
1265,1.0,0.0,0.0,0.0,0.0,0.0,0.0,1.0,0.0,0.0,0.0,0.0,0.0,1.1694,0.3795,-0.6606,-0.7324,0.3251,-0.3686
1143,1.0,0.0,0.0,0.0,0.0,0.0,0.0,0.0,1.0,0.0,1.0,0.0,0.0,-1.5752,-1.0258,-1.5674,-0.4499,0.4883,0.5624
1012,1.0,1.0,0.0,0.0,0.0,0.0,0.0,0.0,0.0,1.0,0.0,1.0,0.0,-0.6603,-2.4312,0.2461,-1.0926,-0.9807,-0.6789
167,1.0,0.0,0.0,0.0,0.0,0.0,0.0,0.0,1.0,0.0,1.0,0.0,0.0,-0.6603,0.3795,1.1529,0.6194,0.4883,1.4934
111,1.0,1.0,0.0,1.0,0.0,0.0,0.0,0.0,0.0,0.0,0.0,1.0,1.0,-1.5752,-2.4312,0.2461,-0.0911,0.3251,-0.6789
808,1.0,0.0,0.0,0.0,0.0,0.0,0.0,1.0,0.0,0.0,0.0,0.0,0.0,0.2545,0.3795,1.1529,-0.8473,-0.0013,-0.3686
1292,1.0,1.0,0.0,0.0,0.0,0.0,0.0,0.0,1.0,0.0,0.0,0.0,0.0,0.2545,0.3795,1.1529,-0.5047,-0.8175,-0.0583
1252,1.0,0.0,0.0,0.0,0.0,0.0,0.0,1.0,0.0,0.0,1.0,0.0,1.0,1.1694,1.7849,1.1529,-0.7585,-0.3278,-0.3686
424,1.0,0.0,0.0,0.0,1.0,0.0,0.0,0.0,0.0,0.0,0.0,0.0,0.0,-1.5752,-1.0258,1.1529,1.6175,-0.9807,-0.6789
718,1.0,0.0,0.0,1.0,0.0,0.0,0.0,0.0,0.0,0.0,1.0,0.0,1.0,1.1694,0.3795,-1.5674,-0.6096,0.3251,-0.6789
658,1.0,0.0,0.0,0.0,0.0,0.0,0.0,1.0,0.0,0.0,1.0,0.0,1.0,-0.6603,0.3795,-1.5674,-0.8377,0.1619,1.4934
810,1.0,0.0,0.0,0.0,1.0,0.0,0.0,0.0,0.0,0.0,1.0,0.0,0.0,-1.5752,0.3795,0.2461,2.3284,0.8148,0.5624
1172,1.0,0.0,0.0,0.0,0.0,0.0,0.0,0.0,1.0,0.0,0.0,1.0,0.0,0.2545,-1.0258,0.2461,-0.1347,-0.3278,-0.3686
480,1.0,1.0,0.0,0.0,0.0,0.0,0.0,0.0,0.0,1.0,1.0,0.0,0.0,-0.6603,-1.0258,-1.5674,-0.9494,-0.9807,-0.6789
915,1.0,1.0,0.0,1.0,0.0,0.0,0.0,0.0,0.0,0.0,0.0,1.0,0.0,-1.5752,-1.0258,0.2461,-0.8237,-0.8175,-0.0583
138,1.0,0.0,0.0,0.0,0.0,0.0,0.0,0.0,1.0,0.0,1.0,0.0,0.0,-1.5752,-1.0258,0.2461,0.4537,-0.8175,-0.0583
687,1.0,0.0,0.0,1.0,0.0,0.0,0.0,0.0,0.0,0.0,0.0,1.0,0.0,0.2545,0.3795,0.2461,-0.8462,0.6516,0.2521
70,1.0,1.0,0.0,0.0,0.0,0.0,0.0,0.0,1.0,0.0,0.0,1.0,0.0,-1.5752,-1.0258,0.2461,-0.2188,-0.491,-0.3686
621,1.0,0.0,0.0,0.0,0.0,0.0,0.0,0.0,1.0,0.0,1.0,0.0,1.0,-0.6603,0.3795,1.1529,-0.0641,1.7941,0.5624
1456,1.0,1.0,0.0,0.0,0.0,0.0,0.0,0.0,0.0,0.0,1.0,0.0,1.0,0.2545,0.3795,0.2461,-0.1729,0.4883,-0.6789
1032,1.0,0.0,0.0,1.0,0.0,0.0,0.0,0.0,0.0,0.0,0.0,1.0,1.0,-1.5752,-1.0258,-1.5674,-0.6068,-0.9807,-0.6789
1401,1.0,0.0,0.0,0.0,1.0,0.0,0.0,0.0,0.0,0.0,1.0,0.0,1.0,0.2545,1.7849,-0.6606,2.7895,0.4883,-0.3686
1351,1.0,1.0,0.0,0.0,1.0,0.0,0.0,0.0,0.0,0.0,0.0,0.0,0.0,1.1694,0.3795,1.1529,2.2666,2.447,0.5624
1254,1.0,0.0,0.0,0.0,0.0,0.0,0.0,0.0,1.0,0.0,0.0,1.0,0.0,1.1694,0.3795,1.1529,-0.4239,-0.3278,-0.6789
1050,1.0,1.0,0.0,1.0,0.0,0.0,0.0,0.0,0.0,0.0,0.0,1.0,0.0,-1.5752,0.3795,1.1529,-0.6011,0.8148,0.8727
933,1.0,0.0,0.0,0.0,0.0,0.0,0.0,1.0,0.0,0.0,0.0,1.0,0.0,1.1694,0.3795,-1.5674,-0.9395,-0.6542,-0.3686
564,1.0,0.0,0.0,0.0,0.0,0.0,0.0,0.0,0.0,1.0,0.0,1.0,0.0,-0.6603,-2.4312,0.2461,0.0274,0.1619,0.2521
923,1.0,1.0,1.0,0.0,0.0,0.0,0.0,0.0,0.0,0.0,1.0,0.0,0.0,0.2545,-1.0258,-0.6606,-0.4276,0.4883,-0.3686
1215,1.0,1.0,0.0,0.0,0.0,0.0,0.0,1.0,0.0,0.0,0.0,1.0,1.0,-1.5752,-1.0258,1.1529,-0.3341,-0.3278,-0.3686
36,1.0,0.0,0.0,0.0,0.0,0.0,0.0,0.0,0.0,1.0,1.0,0.0,1.0,-1.5752,-1.0258,0.2461,-0.8114,-0.6542,-0.6789
814,1.0,0.0,0.0,0.0,0.0,0.0,1.0,0.0,0.0,0.0,0.0,1.0,0.0,0.2545,-1.0258,0.2461,2.7874,2.1206,0.5624
1106,1.0,0.0,0.0,0.0,0.0,0.0,0.0,0.0,1.0,0.0,1.0,0.0,0.0,-0.6603,-1.0258,-1.5674,0.6821,0.4883,1.183
669,1.0,0.0,0.0,1.0,0.0,0.0,0.0,0.0,0.0,0.0,1.0,0.0,1.0,1.1694,0.3795,-1.5674,-0.8706,-0.8175,-0.0583
1225,1.0,0.0,0.0,0.0,0.0,0.0,1.0,0.0,0.0,0.0,0.0,1.0,0.0,1.1694,-1.0258,-0.6606,2.1668,2.2838,1.8037
513,1.0,0.0,0.0,0.0,0.0,0.0,0.0,1.0,0.0,0.0,0.0,1.0,1.0,1.1694,0.3795,0.2461,-1.1669,-0.9807,-0.3686
225,1.0,0.0,0.0,0.0,0.0,0.0,0.0,1.0,0.0,0.0,1.0,0.0,0.0,0.2545,-1.0258,1.1529,-0.9189,-0.9807,-0.6789
1196,1.0,0.0,0.0,0.0,0.0,0.0,0.0,0.0,1.0,0.0,0.0,1.0,1.0,1.1694,0.3795,0.2461,0.123,-0.8175,-0.6789
1310,1.0,1.0,0.0,0.0,0.0,0.0,1.0,0.0,0.0,0.0,1.0,0.0,1.0,-1.5752,0.3795,0.2461,1.972,-0.8175,-0.0583
1174,1.0,1.0,0.0,0.0,0.0,1.0,0.0,0.0,0.0,0.0,0.0,0.0,0.0,1.1694,1.7849,0.2461,-0.2755,-0.0013,-0.6789
742,1.0,0.0,0.0,1.0,0.0,0.0,0.0,0.0,0.0,0.0,1.0,0.0,0.0,-1.5752,0.3795,1.1529,-0.8757,-0.9807,-0.6789
1058,1.0,0.0,0.0,0.0,0.0,0.0,0.0,0.0,1.0,0.0,0.0,1.0,1.0,-1.5752,-1.0258,-0.6606,-0.4044,1.3045,2.4243
1428,1.0,0.0,0.0,0.0,0.0,0.0,0.0,0.0,0.0,1.0,1.0,0.0,0.0,-0.6603,-1.0258,-0.6606,-0.8993,-0.8175,-0.0583
702,1.0,0.0,0.0,0.0,0.0,0.0,0.0,0.0,1.0,0.0,0.0,0.0,0.0,0.2545,0.3795,0.2461,0.1617,0.1619,1.4934
1378,1.0,0.0,0.0,0.0,0.0,0.0,0.0,0.0,1.0,0.0,0.0,0.0,1.0,-0.6603,0.3795,1.1529,-0.3008,-1.1439,-0.6789
281,1.0,0.0,0.0,0.0,0.0,0.0,0.0,0.0,1.0,0.0,1.0,0.0,0.0,-0.6603,0.3795,0.2461,-0.339,2.1206,2.7347
1392,1.0,0.0,0.0,0.0,0.0,0.0,0.0,0.0,1.0,0.0,1.0,0.0,1.0,0.2545,0.3795,1.1529,-0.2759,0.4883,-0.6789
1117,1.0,0.0,0.0,0.0,0.0,0.0,0.0,1.0,0.0,0.0,1.0,0.0,0.0,-0.6603,0.3795,1.1529,-0.2164,-0.8175,-0.0583
737,1.0,0.0,0.0,0.0,0.0,1.0,0.0,0.0,0.0,0.0,0.0,1.0,0.0,1.1694,0.3795,0.2461,-0.3186,-0.8175,-0.0583
880,1.0,1.0,0.0,1.0,0.0,0.0,0.0,0.0,0.0,0.0,1.0,0.0,0.0,0.2545,-1.0258,-0.6606,-0.7986,-0.8175,-0.0583
57,1.0,0.0,0.0,1.0,0.0,0.0,0.0,0.0,0.0,0.0,1.0,0.0,1.0,0.2545,0.3795,-1.5674,-0.5287,-0.8175,-0.0583
150,1.0,1.0,0.0,0.0,0.0,0.0,0.0,1.0,0.0,0.0,0.0,0.0,0.0,-0.6603,0.3795,-0.6606,-0.1907,2.1206,-0.0583
328,1.0,1.0,0.0,0.0,0.0,0.0,0.0,0.0,1.0,0.0,0.0,1.0,0.0,-0.6603,-1.0258,1.1529,-0.3868,-0.0013,-0.6789
1167,1.0,0.0,0.0,0.0,0.0,0.0,0.0,0.0,1.0,0.0,0.0,0.0,1.0,-1.5752,-2.4312,1.1529,-0.2258,-0.8175,-0.0583
827,1.0,1.0,0.0,0.0,0.0,0.0,0.0,1.0,0.0,0.0,0.0,0.0,1.0,0.2545,-1.0258,0.2461,-0.8071,-0.6542,-0.6789
484,1.0,0.0,0.0,0.0,0.0,0.0,0.0,0.0,1.0,0.0,0.0,0.0,0.0,-1.5752,1.7849,1.1529,-0.2215,-0.0013,0.8727
584,1.0,1.0,0.0,0.0,1.0,0.0,0.0,0.0,0.0,0.0,0.0,0.0,0.0,-0.6603,0.3795,1.1529,2.5334,2.7735,3.6656
331,1.0,0.0,0.0,0.0,0.0,0.0,0.0,0.0,1.0,0.0,1.0,0.0,1.0,0.2545,0.3795,-0.6606,-0.0327,-0.3278,-0.3686
679,1.0,0.0,0.0,0.0,0.0,0.0,0.0,0.0,1.0,0.0,1.0,0.0,0.0,1.1694,0.3795,0.2461,0.0911,0.3251,-0.6789
459,1.0,0.0,0.0,0.0,0.0,0.0,0.0,0.0,0.0,0.0,0.0,1.0,1.0,-1.5752,-1.0258,0.2461,0.0654,0.1619,-0.6789
916,1.0,0.0,0.0,0.0,1.0,0.0,0.0,0.0,0.0,0.0,1.0,0.0,0.0,1.1694,-1.0258,-0.6606,2.6096,0.6516,-0.6789
1178,1.0,0.0,0.0,0.0,0.0,0.0,0.0,0.0,0.0,1.0,0.0,1.0,0.0,0.2545,0.3795,0.2461,-0.7901,-0.8175,-0.0583
1170,1.0,1.0,0.0,0.0,0.0,0.0,0.0,1.0,0.0,0.0,0.0,1.0,0.0,1.1694,0.3795,1.1529,-0.8333,-0.491,-0.3686
268,1.0,0.0,0.0,0.0,0.0,0.0,0.0,0.0,0.0,0.0,1.0,0.0,1.0,0.2545,0.3795,1.1529,1.4854,2.1206,0.5624
1004,1.0,0.0,0.0,1.0,0.0,0.0,0.0,0.0,0.0,0.0,0.0,1.0,0.0,0.2545,1.7849,-1.5674,-0.6213,-0.0013,-0.6789
697,1.0,1.0,0.0,0.0,0.0,0.0,0.0,0.0,0.0,1.0,1.0,0.0,0.0,0.2545,0.3795,1.1529,-0.9231,-0.6542,-0.6789
920,1.0,1.0,0.0,1.0,0.0,0.0,0.0,0.0,0.0,0.0,0.0,0.0,0.0,0.2545,0.3795,-0.6606,-0.4373,0.6516,0.8727
1115,1.0,0.0,0.0,0.0,0.0,0.0,0.0,1.0,0.0,0.0,0.0,1.0,0.0,-1.5752,0.3795,1.1529,-0.75,-0.9807,-0.6789
1129,1.0,0.0,0.0,0.0,1.0,0.0,0.0,0.0,0.0,0.0,0.0,1.0,0.0,1.1694,-1.0258,1.1529,2.7847,-0.9807,-0.6789
1261,1.0,0.0,0.0,0.0,0.0,0.0,0.0,0.0,0.0,0.0,1.0,0.0,1.0,-0.6603,-2.4312,1.1529,-0.147,-0.9807,-0.3686
523,1.0,0.0,0.0,1.0,0.0,0.0,0.0,0.0,0.0,0.0,1.0,0.0,1.0,1.1694,1.7849,0.2461,-0.6971,2.1206,0.2521
884,1.0,0.0,0.0,0.0,0.0,0.0,0.0,0.0,1.0,0.0,0.0,0.0,0.0,-0.6603,-1.0258,-0.6606,0.0741,-0.3278,-0.3686
415,1.0,1.0,0.0,0.0,0.0,0.0,0.0,0.0,0.0,1.0,0.0,0.0,0.0,1.1694,-2.4312,0.2461,-0.8819,-0.8175,-0.3686
556,1.0,0.0,0.0,1.0,0.0,0.0,0.0,0.0,0.0,0.0,0.0,1.0,0.0,1.1694,0.3795,1.1529,-0.8609,-0.8175,-0.0583
878,1.0,0.0,1.0,0.0,0.0,0.0,0.0,0.0,0.0,0.0,1.0,0.0,0.0,1.1694,1.7849,-1.5674,-0.0491,-0.491,-0.6789
1446,1.0,0.0,0.0,0.0,0.0,0.0,0.0,0.0,1.0,0.0,1.0,0.0,0.0,1.1694,-1.0258,0.2461,0.0444,0.1619,-0.3686
1262,1.0,1.0,0.0,0.0,0.0,0.0,0.0,1.0,0.0,0.0,1.0,0.0,1.0,0.2545,-1.0258,0.2461,-0.8636,-0.9807,-0.6789
1189,1.0,0.0,0.0,0.0,0.0,0.0,0.0,0.0,1.0,0.0,0.0,0.0,0.0,1.1694,0.3795,1.1529,-0.212,-0.1646,-0.6789
587,1.0,0.0,0.0,1.0,0.0,0.0,0.0,0.0,0.0,0.0,1.0,0.0,0.0,1.1694,0.3795,0.2461,-0.7124,-0.3278,-0.3686
1057,1.0,1.0,0.0,0.0,0.0,0.0,0.0,0.0,1.0,0.0,0.0,1.0,0.0,-1.5752,0.3795,-0.6606,-0.1567,-0.3278,-0.6789
202,1.0,1.0,0.0,0.0,0.0,0.0,0.0,1.0,0.0,0.0,0.0,0.0,1.0,1.1694,0.3795,0.2461,-0.5709,-0.3278,-0.0583
532,1.0,0.0,0.0,0.0,0.0,0.0,0.0,0.0,1.0,0.0,0.0,1.0,0.0,1.1694,0.3795,-1.5674,-0.3277,-0.0013,-0.3686
305,1.0,0.0,0.0,1.0,0.0,0.0,0.0,0.0,0.0,0.0,1.0,0.0,0.0,-0.6603,0.3795,-0.6606,-0.1761,0.3251,-0.6789
1007,1.0,1.0,0.0,0.0,0.0,0.0,0.0,0.0,0.0,0.0,0.0,1.0,1.0,0.2545,0.3795,1.1529,0.223,0.1619,1.4934
295,1.0,1.0,0.0,0.0,0.0,0.0,0.0,0.0,1.0,0.0,1.0,0.0,0.0,0.2545,0.3795,-0.6606,1.4915,2.1206,0.5624
1236,1.0,0.0,0.0,0.0,0.0,0.0,0.0,0.0,1.0,0.0,0.0,0.0,1.0,-0.6603,-1.0258,-1.5674,-0.0784,-0.8175,-0.0583
466,1.0,0.0,0.0,0.0,1.0,0.0,0.0,0.0,0.0,0.0,1.0,0.0,0.0,-0.6603,0.3795,-1.5674,2.1436,1.7941,2.7347
691,1.0,1.0,0.0,0.0,0.0,0.0,0.0,1.0,0.0,0.0,0.0,0.0,1.0,1.1694,0.3795,-0.6606,-0.613,-0.9807,-0.6789
1204,1.0,1.0,0.0,0.0,0.0,0.0,0.0,0.0,0.0,1.0,1.0,0.0,1.0,1.1694,0.3795,0.2461,-0.8173,0.3251,1.4934
373,1.0,0.0,0.0,1.0,0.0,0.0,0.0,0.0,0.0,0.0,0.0,0.0,0.0,1.1694,0.3795,-0.6606,-0.5707,-0.3278,-0.6789
914,1.0,0.0,0.0,0.0,0.0,0.0,0.0,0.0,0.0,0.0,0.0,0.0,1.0,1.1694,-1.0258,-0.6606,1.5026,4.2425,3.976
525,1.0,0.0,0.0,0.0,0.0,0.0,0.0,0.0,1.0,0.0,0.0,1.0,0.0,-1.5752,0.3795,0.2461,-0.4091,-0.8175,-0.0583
107,1.0,0.0,0.0,0.0,0.0,0.0,0.0,0.0,1.0,0.0,0.0,1.0,1.0,0.2545,-1.0258,0.2461,-0.1612,-0.1646,-0.6789
1270,1.0,0.0,0.0,0.0,0.0,0.0,0.0,0.0,1.0,0.0,0.0,1.0,0.0,1.1694,-2.4312,1.1529,-0.1007,-0.8175,-0.0583
140,1.0,0.0,0.0,1.0,0.0,0.0,0.0,0.0,0.0,0.0,0.0,1.0,0.0,-1.5752,0.3795,-1.5674,-0.4892,-0.3278,-0.6789
600,1.0,0.0,0.0,0.0,0.0,1.0,0.0,0.0,0.0,0.0,1.0,0.0,0.0,0.2545,-1.0258,0.2461,-0.0724,1.1412,1.183
590,1.0,0.0,0.0,0.0,0.0,0.0,1.0,0.0,0.0,0.0,1.0,0.0,0.0,0.2545,0.3795,0.2461,1.102,0.978,0.2521
689,1.0,0.0,0.0,1.0,0.0,0.0,0.0,0.0,0.0,0.0,0.0,1.0,0.0,-1.5752,0.3795,-1.5674,-0.7498,-0.9807,-0.6789
1384,1.0,0.0,0.0,0.0,0.0,0.0,0.0,0.0,1.0,0.0,0.0,1.0,0.0,-1.5752,0.3795,1.1529,0.719,1.1412,-0.0583
1344,1.0,0.0,0.0,0.0,0.0,0.0,0.0,1.0,0.0,0.0,1.0,0.0,1.0,1.1694,0.3795,-1.5674,-0.4713,-0.3278,-0.6789
1110,1.0,0.0,0.0,1.0,0.0,0.0,0.0,0.0,0.0,0.0,0.0,0.0,1.0,-1.5752,0.3795,-1.5674,-0.9407,-0.9807,-0.6789
654,1.0,0.0,1.0,0.0,0.0,0.0,0.0,0.0,0.0,0.0,1.0,0.0,0.0,1.1694,-1.0258,1.1529,-0.2759,-0.3278,-0.6789
354,1.0,0.0,0.0,0.0,0.0,0.0,0.0,0.0,1.0,0.0,1.0,0.0,1.0,1.1694,0.3795,0.2461,-0.3753,-0.8175,-0.0583
1180,1.0,0.0,0.0,1.0,0.0,0.0,0.0,0.0,0.0,0.0,0.0,1.0,0.0,-1.5752,0.3795,-0.6606,-0.9537,-0.491,-0.3686
1086,1.0,1.0,0.0,0.0,0.0,0.0,1.0,0.0,0.0,0.0,0.0,1.0,1.0,0.2545,-2.4312,1.1529,1.6797,4.0793,3.3553
1418,1.0,1.0,0.0,0.0,0.0,1.0,0.0,0.0,0.0,0.0,1.0,0.0,0.0,-1.5752,-1.0258,0.2461,-0.251,0.1619,1.4934
964,1.0,0.0,0.0,0.0,0.0,0.0,0.0,0.0,1.0,0.0,0.0,1.0,0.0,0.2545,0.3795,-1.5674,-0.0803,0.4883,2.114
708,1.0,0.0,0.0,0.0,0.0,0.0,0.0,0.0,1.0,0.0,0.0,0.0,0.0,-1.5752,0.3795,1.1529,-0.3025,-0.0013,-0.6789
726,1.0,1.0,0.0,0.0,0.0,1.0,0.0,0.0,0.0,0.0,1.0,0.0,0.0,0.2545,0.3795,-1.5674,-0.5002,-0.491,-0.6789
752,1.0,0.0,0.0,1.0,0.0,0.0,0.0,0.0,0.0,0.0,0.0,1.0,0.0,0.2545,1.7849,-1.5674,-0.7986,1.6309,3.976
1152,1.0,0.0,0.0,0.0,0.0,0.0,0.0,1.0,0.0,0.0,0.0,1.0,0.0,0.2545,0.3795,1.1529,-0.7192,-0.8175,-0.0583
750,1.0,0.0,0.0,0.0,0.0,0.0,0.0,0.0,1.0,0.0,1.0,0.0,1.0,1.1694,1.7849,1.1529,1.448,0.8148,2.7347
27,1.0,0.0,0.0,0.0,0.0,0.0,0.0,0.0,1.0,0.0,1.0,0.0,0.0,0.2545,0.3795,-0.6606,0.0684,0.3251,0.5624
897,1.0,0.0,0.0,0.0,0.0,0.0,0.0,0.0,1.0,0.0,0.0,1.0,0.0,0.2545,-1.0258,1.1529,-0.2829,-0.1646,-0.6789
757,1.0,0.0,0.0,0.0,0.0,0.0,0.0,0.0,1.0,0.0,0.0,0.0,0.0,-0.6603,1.7849,1.1529,0.6844,1.3045,-0.6789
22,1.0,0.0,0.0,0.0,0.0,0.0,1.0,0.0,0.0,0.0,0.0,1.0,0.0,-1.5752,0.3795,-0.6606,1.1663,0.8148,-0.0583
216,1.0,1.0,0.0,0.0,0.0,0.0,0.0,0.0,1.0,0.0,0.0,1.0,0.0,0.2545,-1.0258,-1.5674,0.041,-0.1646,-0.6789
616,1.0,0.0,0.0,0.0,1.0,0.0,0.0,0.0,0.0,0.0,1.0,0.0,0.0,-1.5752,0.3795,0.2461,2.0824,2.1206,0.5624
901,1.0,0.0,0.0,1.0,0.0,0.0,0.0,0.0,0.0,0.0,0.0,1.0,0.0,1.1694,1.7849,-0.6606,-0.8377,-0.9807,-0.6789
219,1.0,0.0,0.0,0.0,0.0,0.0,0.0,0.0,1.0,0.0,1.0,0.0,0.0,1.1694,0.3795,-1.5674,-0.1196,-0.1646,-0.6789
429,1.0,0.0,0.0,0.0,0.0,0.0,1.0,0.0,0.0,0.0,1.0,0.0,0.0,-1.5752,0.3795,0.2461,2.4125,-0.6542,-0.6789
1321,1.0,0.0,0.0,1.0,0.0,0.0,0.0,0.0,0.0,0.0,0.0,1.0,0.0,-0.6603,0.3795,0.2461,-0.9341,-0.8175,-0.0583
648,1.0,1.0,0.0,0.0,0.0,0.0,0.0,0.0,0.0,1.0,1.0,0.0,0.0,0.2545,0.3795,1.1529,-0.7498,-0.3278,-0.6789
227,1.0,1.0,0.0,0.0,0.0,0.0,0.0,0.0,1.0,0.0,1.0,0.0,0.0,-0.6603,0.3795,1.1529,0.3006,0.6516,0.5624
516,1.0,0.0,0.0,0.0,0.0,0.0,0.0,1.0,0.0,0.0,1.0,0.0,0.0,-1.5752,1.7849,-1.5674,-0.7825,-0.6542,-0.6789
234,1.0,0.0,0.0,1.0,0.0,0.0,0.0,0.0,0.0,0.0,1.0,0.0,1.0,0.2545,0.3795,1.1529,-0.8638,-0.3278,-0.6789
569,1.0,0.0,0.0,0.0,0.0,0.0,0.0,0.0,1.0,0.0,0.0,1.0,0.0,-1.5752,-1.0258,-1.5674,0.2303,0.4883,-0.6789
574,1.0,0.0,0.0,0.0,0.0,0.0,0.0,1.0,0.0,0.0,0.0,1.0,0.0,-0.6603,1.7849,1.1529,-0.6846,-0.491,-0.3686
1381,1.0,0.0,0.0,0.0,0.0,0.0,0.0,1.0,0.0,0.0,0.0,1.0,0.0,0.2545,0.3795,0.2461,-0.9259,-0.3278,-0.3686
1173,1.0,0.0,0.0,0.0,0.0,0.0,0.0,0.0,0.0,0.0,1.0,0.0,0.0,-0.6603,0.3795,-1.5674,0.3197,-0.6542,-0.6789
215,1.0,0.0,0.0,0.0,1.0,0.0,0.0,0.0,0.0,0.0,0.0,1.0,1.0,1.1694,0.3795,1.1529,1.5056,-0.9807,-0.6789
639,1.0,0.0,0.0,0.0,0.0,0.0,0.0,1.0,0.0,0.0,1.0,0.0,0.0,0.2545,0.3795,-1.5674,-0.6208,-0.491,-0.6789
971,1.0,0.0,0.0,0.0,0.0,1.0,0.0,0.0,0.0,0.0,0.0,1.0,0.0,1.1694,-1.0258,-0.6606,1.4102,-0.3278,-0.6789
585,1.0,0.0,0.0,1.0,0.0,0.0,0.0,0.0,0.0,0.0,1.0,0.0,1.0,0.2545,1.7849,-1.5674,-1.0412,-1.1439,-0.6789
541,1.0,0.0,0.0,0.0,0.0,0.0,1.0,0.0,0.0,0.0,1.0,0.0,0.0,-1.5752,1.7849,-1.5674,1.1067,0.1619,-0.6789
451,1.0,0.0,0.0,0.0,0.0,1.0,0.0,0.0,0.0,0.0,1.0,0.0,1.0,1.1694,0.3795,-1.5674,0.1918,0.4883,0.8727
1410,1.0,0.0,0.0,0.0,0.0,0.0,0.0,0.0,1.0,0.0,1.0,0.0,0.0,-0.6603,0.3795,-0.6606,-0.1754,0.6516,0.8727
745,1.0,1.0,0.0,0.0,0.0,0.0,0.0,0.0,0.0,0.0,1.0,0.0,1.0,0.2545,0.3795,-0.6606,-0.025,0.1619,1.183
638,1.0,0.0,0.0,0.0,0.0,0.0,0.0,0.0,1.0,0.0,1.0,0.0,0.0,0.2545,-1.0258,-1.5674,-0.4773,-0.3278,-0.6789
1068,1.0,1.0,0.0,1.0,0.0,0.0,0.0,0.0,0.0,0.0,0.0,1.0,0.0,0.2545,-1.0258,-1.5674,-0.8373,-1.1439,-0.6789
1251,1.0,0.0,0.0,0.0,0.0,0.0,0.0,0.0,1.0,0.0,0.0,0.0,0.0,0.2545,-1.0258,-1.5674,0.1353,-0.0013,-0.3686
1432,1.0,0.0,0.0,0.0,0.0,0.0,1.0,0.0,0.0,0.0,1.0,0.0,1.0,0.2545,1.7849,1.1529,1.538,1.4677,1.183
744,1.0,0.0,0.0,0.0,0.0,0.0,0.0,0.0,0.0,0.0,1.0,0.0,0.0,-1.5752,-2.4312,-0.6606,-0.3666,-0.9807,-0.6789
1107,1.0,1.0,1.0,0.0,0.0,0.0,0.0,0.0,0.0,0.0,1.0,0.0,0.0,0.2545,0.3795,0.2461,-0.0905,-0.1646,-0.3686
147,1.0,1.0,0.0,0.0,1.0,0.0,0.0,0.0,0.0,0.0,0.0,0.0,0.0,1.1694,-1.0258,-1.5674,2.2681,-0.0013,1.4934
984,1.0,0.0,0.0,0.0,0.0,0.0,0.0,0.0,1.0,0.0,1.0,0.0,0.0,0.2545,-1.0258,-1.5674,-0.3779,-0.3278,-0.6789
273,1.0,0.0,0.0,0.0,0.0,0.0,0.0,0.0,1.0,0.0,1.0,0.0,0.0,0.2545,0.3795,1.1529,-0.0002,-0.3278,-0.6789
186,1.0,0.0,0.0,0.0,1.0,0.0,0.0,0.0,0.0,0.0,1.0,0.0,0.0,1.1694,0.3795,0.2461,2.6615,2.1206,2.114
1393,1.0,0.0,0.0,0.0,0.0,0.0,0.0,0.0,1.0,0.0,0.0,1.0,0.0,1.1694,0.3795,1.1529,-0.5093,-0.0013,-0.6789
969,1.0,0.0,0.0,0.0,0.0,1.0,0.0,0.0,0.0,0.0,0.0,1.0,0.0,1.1694,0.3795,1.1529,0.2963,0.4883,-0.6789
1350,1.0,0.0,0.0,0.0,0.0,0.0,0.0,0.0,1.0,0.0,0.0,1.0,0.0,-1.5752,1.7849,0.2461,-0.0006,0.1619,-0.6789
981,1.0,1.0,0.0,0.0,0.0,0.0,0.0,0.0,1.0,0.0,1.0,0.0,1.0,1.1694,0.3795,0.2461,-0.4012,-0.491,0.2521
1333,1.0,0.0,0.0,0.0,0.0,0.0,0.0,0.0,1.0,0.0,1.0,0.0,0.0,0.2545,0.3795,-0.6606,0.1723,0.1619,-0.6789
312,1.0,0.0,0.0,0.0,0.0,0.0,0.0,1.0,0.0,0.0,0.0,0.0,1.0,0.2545,0.3795,1.1529,-0.8088,-0.8175,-0.0583
790,1.0,0.0,0.0,0.0,0.0,0.0,0.0,0.0,0.0,0.0,0.0,0.0,0.0,1.1694,-1.0258,1.1529,0.1309,-0.6542,-0.3686
733,1.0,0.0,0.0,0.0,0.0,1.0,0.0,0.0,0.0,0.0,1.0,0.0,0.0,1.1694,1.7849,1.1529,-0.219,0.1619,-0.3686
740,1.0,0.0,0.0,1.0,0.0,0.0,0.0,0.0,0.0,0.0,0.0,0.0,0.0,-0.6603,0.3795,1.1529,-0.5493,-0.6542,-0.3686
121,1.0,0.0,0.0,0.0,0.0,0.0,0.0,0.0,1.0,0.0,1.0,0.0,0.0,0.2545,0.3795,-0.6606,-0.0758,-0.0013,-0.6789
883,1.0,0.0,0.0,0.0,0.0,0.0,0.0,1.0,0.0,0.0,1.0,0.0,0.0,-1.5752,0.3795,1.1529,-0.7906,1.1412,0.5624
1210,1.0,0.0,0.0,1.0,0.0,0.0,0.0,0.0,0.0,0.0,1.0,0.0,0.0,-0.6603,1.7849,-0.6606,-0.9505,1.1412,-0.0583
1370,1.0,0.0,0.0,0.0,0.0,0.0,0.0,1.0,0.0,0.0,1.0,0.0,0.0,0.2545,0.3795,-0.6606,-0.22,0.1619,-0.3686
1095,1.0,0.0,0.0,1.0,0.0,0.0,0.0,0.0,0.0,0.0,1.0,0.0,1.0,-0.6603,0.3795,0.2461,-0.2753,1.3045,0.8727
506,1.0,0.0,0.0,0.0,0.0,1.0,0.0,0.0,0.0,0.0,1.0,0.0,0.0,0.2545,0.3795,0.2461,0.6226,0.4883,1.4934
955,1.0,0.0,0.0,0.0,1.0,0.0,0.0,0.0,0.0,0.0,1.0,0.0,0.0,1.1694,-2.4312,0.2461,2.6942,1.9574,2.114
300,1.0,0.0,0.0,0.0,1.0,0.0,0.0,0.0,0.0,0.0,0.0,1.0,0.0,1.1694,0.3795,-0.6606,2.0204,2.447,-0.6789
1386,1.0,0.0,0.0,1.0,0.0,0.0,0.0,0.0,0.0,0.0,0.0,1.0,0.0,0.2545,0.3795,-1.5674,-0.7723,-0.0013,1.4934
360,1.0,0.0,0.0,0.0,0.0,0.0,0.0,0.0,0.0,0.0,1.0,0.0,0.0,1.1694,0.3795,0.2461,0.0535,-0.6542,-0.3686
1154,1.0,0.0,0.0,0.0,1.0,0.0,0.0,0.0,0.0,0.0,1.0,0.0,0.0,1.1694,0.3795,0.2461,2.7942,-0.3278,-0.3686
755,1.0,0.0,0.0,0.0,1.0,0.0,0.0,0.0,0.0,0.0,1.0,0.0,0.0,1.1694,0.3795,1.1529,2.3677,0.3251,-0.3686
64,1.0,0.0,0.0,0.0,0.0,0.0,0.0,0.0,0.0,0.0,0.0,0.0,0.0,0.2545,0.3795,0.2461,0.7632,1.6309,3.045
844,1.0,0.0,0.0,0.0,0.0,0.0,0.0,0.0,1.0,0.0,1.0,0.0,0.0,0.2545,-1.0258,0.2461,0.0159,0.4883,-0.3686
557,1.0,0.0,0.0,0.0,0.0,0.0,0.0,0.0,0.0,0.0,0.0,0.0,0.0,1.1694,0.3795,-1.5674,-0.2995,-0.9807,-0.6789
1317,1.0,1.0,0.0,1.0,0.0,0.0,0.0,0.0,0.0,0.0,0.0,1.0,1.0,1.1694,0.3795,1.1529,-0.8759,-0.3278,-0.6789
1318,1.0,1.0,0.0,1.0,0.0,0.0,0.0,0.0,0.0,0.0,1.0,0.0,0.0,1.1694,0.3795,1.1529,-0.5716,0.6516,0.2521
1093,1.0,1.0,0.0,0.0,0.0,0.0,0.0,0.0,0.0,0.0,1.0,0.0,1.0,1.1694,0.3795,1.1529,0.7691,2.1206,3.3553
1194,1.0,0.0,0.0,0.0,1.0,0.0,0.0,0.0,0.0,0.0,0.0,0.0,0.0,-0.6603,1.7849,-0.6606,2.0113,-0.6542,-0.3686
596,1.0,0.0,0.0,0.0,0.0,0.0,0.0,1.0,0.0,0.0,0.0,1.0,0.0,1.1694,1.7849,0.2461,-0.849,-0.8175,-0.0583
1362,1.0,1.0,0.0,0.0,0.0,0.0,0.0,0.0,0.0,0.0,0.0,1.0,0.0,-0.6603,0.3795,0.2461,-0.2345,-0.491,-0.6789
999,1.0,0.0,0.0,0.0,1.0,0.0,0.0,0.0,0.0,0.0,1.0,0.0,0.0,0.2545,0.3795,-1.5674,2.187,2.1206,-0.6789
1376,1.0,0.0,0.0,0.0,0.0,0.0,0.0,1.0,0.0,0.0,0.0,0.0,0.0,-0.6603,0.3795,1.1529,-0.3679,-0.3278,-0.6789
385,1.0,1.0,0.0,0.0,0.0,0.0,0.0,1.0,0.0,0.0,0.0,1.0,1.0,0.2545,0.3795,1.1529,-0.8959,-0.9807,-0.6789
203,1.0,0.0,0.0,1.0,0.0,0.0,0.0,0.0,0.0,0.0,1.0,0.0,1.0,0.2545,0.3795,1.1529,-0.7991,-0.0013,0.2521
1331,1.0,0.0,0.0,0.0,0.0,0.0,1.0,0.0,0.0,0.0,1.0,0.0,0.0,1.1694,-1.0258,-0.6606,2.7957,2.447,3.045
989,1.0,0.0,0.0,0.0,0.0,0.0,0.0,1.0,0.0,0.0,1.0,0.0,1.0,0.2545,0.3795,0.2461,-0.7449,-0.1646,-0.3686
1111,1.0,0.0,0.0,0.0,0.0,1.0,0.0,0.0,0.0,0.0,1.0,0.0,0.0,0.2545,-1.0258,1.1529,0.7787,4.2425,-0.3686
1299,1.0,0.0,0.0,0.0,0.0,0.0,0.0,0.0,0.0,0.0,0.0,0.0,0.0,0.2545,0.3795,1.1529,0.0021,-0.3278,-0.6789
545,1.0,0.0,0.0,0.0,0.0,0.0,0.0,0.0,1.0,0.0,0.0,0.0,0.0,0.2545,0.3795,1.1529,-0.2547,0.1619,1.4934
275,1.0,0.0,0.0,0.0,0.0,0.0,1.0,0.0,0.0,0.0,0.0,0.0,1.0,-1.5752,0.3795,1.1529,1.5081,-0.3278,-0.6789
1078,1.0,0.0,0.0,0.0,0.0,0.0,1.0,0.0,0.0,0.0,1.0,0.0,0.0,1.1694,0.3795,-1.5674,2.0869,2.1206,3.6656
329,1.0,0.0,0.0,0.0,0.0,0.0,1.0,0.0,0.0,0.0,1.0,0.0,0.0,1.1694,0.3795,0.2461,2.5058,-0.6542,-0.3686
1134,1.0,0.0,0.0,1.0,0.0,0.0,0.0,0.0,0.0,0.0,1.0,0.0,0.0,0.2545,-1.0258,1.1529,-0.8099,-0.9807,-0.6789
1441,1.0,0.0,0.0,0.0,0.0,0.0,0.0,0.0,0.0,0.0,0.0,0.0,0.0,0.2545,0.3795,0.2461,-0.0418,0.978,-0.3686
1336,1.0,0.0,0.0,0.0,0.0,0.0,0.0,1.0,0.0,0.0,1.0,0.0,0.0,-0.6603,-1.0258,1.1529,-0.8158,-0.3278,-0.6789
842,1.0,0.0,0.0,1.0,0.0,0.0,0.0,0.0,0.0,0.0,1.0,0.0,1.0,0.2545,0.3795,1.1529,-0.8471,-0.9807,-0.6789
1089,1.0,0.0,0.0,0.0,0.0,0.0,0.0,1.0,0.0,0.0,1.0,0.0,0.0,-1.5752,0.3795,1.1529,-0.4711,0.4883,0.2521
990,1.0,1.0,0.0,0.0,0.0,0.0,0.0,0.0,1.0,0.0,1.0,0.0,0.0,-0.6603,0.3795,1.1529,0.7424,-0.3278,-0.3686
170,1.0,0.0,0.0,0.0,0.0,0.0,0.0,1.0,0.0,0.0,1.0,0.0,1.0,0.2545,0.3795,-0.6606,-0.7317,-0.3278,-0.3686
119,1.0,1.0,0.0,0.0,1.0,0.0,0.0,0.0,0.0,0.0,1.0,0.0,1.0,0.2545,0.3795,1.1529,2.2209,2.9367,0.5624
1146,1.0,1.0,0.0,0.0,0.0,1.0,0.0,0.0,0.0,0.0,0.0,0.0,0.0,0.2545,1.7849,1.1529,-0.3779,0.3251,1.4934
831,1.0,1.0,0.0,1.0,0.0,0.0,0.0,0.0,0.0,0.0,1.0,0.0,0.0,0.2545,0.3795,0.2461,-0.8269,-0.8175,-0.0583
327,1.0,0.0,0.0,0.0,0.0,0.0,0.0,0.0,1.0,0.0,1.0,0.0,1.0,1.1694,0.3795,0.2461,-0.2687,-0.9807,-0.6789
876,1.0,0.0,0.0,0.0,0.0,0.0,0.0,0.0,0.0,1.0,0.0,1.0,0.0,0.2545,1.7849,1.1529,-0.8124,-0.8175,-0.0583
1266,1.0,0.0,0.0,1.0,0.0,0.0,0.0,0.0,0.0,0.0,0.0,0.0,0.0,0.2545,0.3795,-1.5674,-0.8951,-0.3278,-0.6789
1301,1.0,0.0,0.0,0.0,1.0,0.0,0.0,0.0,0.0,0.0,0.0,0.0,0.0,-0.6603,0.3795,-0.6606,2.079,1.4677,3.6656
1227,1.0,0.0,0.0,1.0,0.0,0.0,0.0,0.0,0.0,0.0,1.0,0.0,0.0,-0.6603,0.3795,0.2461,-0.6427,-0.3278,-0.6789
659,1.0,0.0,0.0,0.0,0.0,0.0,0.0,0.0,1.0,0.0,0.0,1.0,0.0,-1.5752,0.3795,1.1529,-0.3388,-0.491,-0.6789
875,1.0,0.0,0.0,0.0,0.0,0.0,0.0,1.0,0.0,0.0,0.0,1.0,0.0,1.1694,0.3795,1.1529,-0.4167,2.1206,3.3553
634,1.0,0.0,0.0,0.0,0.0,0.0,0.0,0.0,1.0,0.0,1.0,0.0,1.0,0.2545,0.3795,-1.5674,-0.4904,-0.3278,-0.6789
889,1.0,0.0,0.0,0.0,0.0,0.0,0.0,1.0,0.0,0.0,1.0,0.0,1.0,-1.5752,0.3795,-1.5674,-0.9065,0.3251,1.183
366,1.0,1.0,0.0,0.0,0.0,0.0,0.0,0.0,1.0,0.0,0.0,1.0,0.0,-1.5752,0.3795,-0.6606,0.6058,0.1619,1.4934
1260,1.0,0.0,0.0,0.0,0.0,0.0,0.0,1.0,0.0,0.0,0.0,1.0,0.0,-0.6603,0.3795,-0.6606,-0.8039,-0.0013,-0.6789
1373,1.0,1.0,0.0,0.0,0.0,0.0,0.0,1.0,0.0,0.0,0.0,0.0,1.0,1.1694,-1.0258,-0.6606,-0.9282,2.1206,-0.6789
482,1.0,0.0,0.0,0.0,0.0,0.0,0.0,0.0,1.0,0.0,0.0,0.0,0.0,-0.6603,0.3795,-1.5674,-0.4821,-0.6542,-0.3686
252,1.0,0.0,0.0,0.0,0.0,0.0,0.0,1.0,0.0,0.0,0.0,1.0,0.0,0.2545,0.3795,1.1529,-0.8842,-0.1646,-0.3686
863,1.0,0.0,1.0,0.0,0.0,0.0,0.0,0.0,0.0,0.0,1.0,0.0,0.0,-0.6603,0.3795,0.2461,-0.6166,-0.3278,-0.3686
26,1.0,1.0,0.0,0.0,0.0,0.0,0.0,1.0,0.0,0.0,0.0,1.0,1.0,-0.6603,-2.4312,-1.5674,-0.5488,0.4883,1.183
824,1.0,0.0,0.0,1.0,0.0,0.0,0.0,0.0,0.0,0.0,0.0,1.0,0.0,-0.6603,-2.4312,1.1529,-0.4739,-0.9807,-0.6789
1081,1.0,0.0,0.0,0.0,0.0,0.0,0.0,0.0,0.0,0.0,0.0,1.0,0.0,1.1694,-1.0258,-0.6606,0.4467,0.6516,0.2521
982,1.0,1.0,0.0,0.0,0.0,0.0,0.0,1.0,0.0,0.0,0.0,0.0,0.0,1.1694,1.7849,0.2461,-0.8269,-0.491,-0.6789
1264,1.0,0.0,0.0,0.0,0.0,0.0,1.0,0.0,0.0,0.0,1.0,0.0,0.0,0.2545,-1.0258,-1.5674,2.6625,-0.9807,-0.6789
28,1.0,0.0,0.0,0.0,0.0,0.0,0.0,0.0,0.0,0.0,1.0,0.0,0.0,-1.5752,-1.0258,1.1529,0.7955,2.447,0.8727
828,1.0,0.0,0.0,1.0,0.0,0.0,0.0,0.0,0.0,0.0,0.0,1.0,0.0,0.2545,0.3795,0.2461,-0.9768,-1.1439,-0.6789
561,1.0,0.0,0.0,0.0,1.0,0.0,0.0,0.0,0.0,0.0,1.0,0.0,0.0,0.2545,-1.0258,-1.5674,2.1991,4.4057,-0.3686
1275,1.0,0.0,0.0,0.0,1.0,0.0,0.0,0.0,0.0,0.0,1.0,0.0,0.0,-1.5752,0.3795,0.2461,1.4047,-0.8175,-0.0583
1304,1.0,0.0,0.0,0.0,0.0,0.0,0.0,0.0,0.0,0.0,0.0,0.0,0.0,-0.6603,0.3795,-1.5674,-0.4365,-0.0013,1.4934
8,1.0,1.0,0.0,0.0,0.0,1.0,0.0,0.0,0.0,0.0,0.0,1.0,0.0,1.1694,-1.0258,0.2461,0.6421,0.3251,-0.3686
987,1.0,1.0,0.0,0.0,0.0,0.0,0.0,0.0,1.0,0.0,1.0,0.0,0.0,-0.6603,0.3795,-0.6606,0.8694,-0.491,0.2521
783,1.0,0.0,0.0,0.0,0.0,0.0,0.0,1.0,0.0,0.0,1.0,0.0,0.0,-0.6603,1.7849,0.2461,-0.6642,0.4883,-0.6789
1444,1.0,0.0,0.0,1.0,0.0,0.0,0.0,0.0,0.0,0.0,1.0,0.0,0.0,1.1694,0.3795,0.2461,-0.8844,0.4883,2.114
452,1.0,0.0,0.0,0.0,0.0,0.0,0.0,0.0,1.0,0.0,1.0,0.0,0.0,1.1694,0.3795,-0.6606,-0.3607,0.1619,0.2521
85,1.0,0.0,0.0,0.0,0.0,1.0,0.0,0.0,0.0,0.0,0.0,1.0,0.0,1.1694,-2.4312,1.1529,0.1608,-0.1646,-0.6789
1003,1.0,0.0,0.0,1.0,0.0,0.0,0.0,0.0,0.0,0.0,1.0,0.0,0.0,-1.5752,0.3795,1.1529,-0.6954,-0.6542,-0.6789
558,1.0,1.0,0.0,1.0,0.0,0.0,0.0,0.0,0.0,0.0,1.0,0.0,0.0,-1.5752,0.3795,1.1529,-0.2536,0.4883,0.5624
251,1.0,1.0,0.0,0.0,0.0,0.0,0.0,0.0,0.0,0.0,0.0,1.0,0.0,0.2545,0.3795,0.2461,0.942,1.9574,2.7347
839,1.0,0.0,0.0,0.0,0.0,0.0,0.0,0.0,1.0,0.0,0.0,1.0,0.0,-0.6603,0.3795,-1.5674,-0.2863,-0.1646,-0.3686
522,1.0,0.0,0.0,0.0,0.0,0.0,0.0,1.0,0.0,0.0,0.0,1.0,0.0,1.1694,1.7849,1.1529,-0.3872,-0.9807,-0.6789
660,1.0,1.0,0.0,1.0,0.0,0.0,0.0,0.0,0.0,0.0,0.0,0.0,1.0,1.1694,-1.0258,1.1529,-0.8757,-0.9807,-0.6789
311,1.0,1.0,0.0,1.0,0.0,0.0,0.0,0.0,0.0,0.0,0.0,0.0,0.0,-1.5752,0.3795,-1.5674,-0.2746,2.7735,2.114
1325,1.0,0.0,0.0,1.0,0.0,0.0,0.0,0.0,0.0,0.0,0.0,1.0,0.0,1.1694,0.3795,0.2461,-0.5384,-1.1439,-0.6789
1303,1.0,0.0,0.0,0.0,0.0,1.0,0.0,0.0,0.0,0.0,0.0,0.0,1.0,0.2545,-1.0258,-0.6606,0.8135,2.447,3.6656
647,1.0,0.0,0.0,0.0,0.0,1.0,0.0,0.0,0.0,0.0,1.0,0.0,0.0,1.1694,-1.0258,-0.6606,0.9346,0.978,0.5624
333,1.0,0.0,0.0,0.0,0.0,0.0,0.0,0.0,0.0,0.0,1.0,0.0,0.0,0.2545,0.3795,-1.5674,0.7396,-0.9807,-0.6789
610,1.0,0.0,0.0,0.0,0.0,0.0,1.0,0.0,0.0,0.0,0.0,0.0,1.0,0.2545,-1.0258,1.1529,1.3392,0.3251,-0.6789
1023,1.0,0.0,0.0,0.0,0.0,0.0,0.0,1.0,0.0,0.0,1.0,0.0,0.0,-1.5752,0.3795,-1.5674,-0.9424,-0.6542,-0.3686
1414,1.0,0.0,0.0,0.0,0.0,0.0,0.0,0.0,0.0,0.0,0.0,1.0,0.0,-1.5752,0.3795,0.2461,0.4524,1.6309,3.045
33,1.0,0.0,0.0,0.0,0.0,0.0,0.0,0.0,0.0,1.0,1.0,0.0,0.0,1.1694,0.3795,1.1529,-0.9382,-0.9807,-0.6789
792,1.0,1.0,0.0,0.0,0.0,0.0,0.0,1.0,0.0,0.0,0.0,1.0,0.0,-1.5752,-1.0258,0.2461,-0.4237,0.978,0.2521
723,1.0,0.0,0.0,0.0,0.0,1.0,0.0,0.0,0.0,0.0,0.0,0.0,0.0,1.1694,0.3795,0.2461,0.9223,0.1619,-0.6789
906,1.0,0.0,0.0,0.0,0.0,0.0,0.0,1.0,0.0,0.0,1.0,0.0,0.0,0.2545,1.7849,0.2461,-0.8322,-0.9807,-0.6789
6,1.0,0.0,0.0,1.0,0.0,0.0,0.0,0.0,0.0,0.0,1.0,0.0,1.0,0.2545,1.7849,-1.5674,-0.8141,-0.9807,-0.6789
1431,1.0,0.0,0.0,0.0,0.0,0.0,0.0,0.0,1.0,0.0,1.0,0.0,0.0,0.2545,0.3795,1.1529,0.8324,1.1412,0.8727
174,1.0,0.0,0.0,0.0,0.0,0.0,0.0,0.0,1.0,0.0,0.0,0.0,1.0,0.2545,0.3795,-1.5674,-0.318,-0.3278,-0.6789
1123,1.0,0.0,0.0,0.0,0.0,0.0,0.0,0.0,0.0,0.0,0.0,1.0,1.0,-1.5752,0.3795,0.2461,-0.0767,-0.3278,-0.6789
623,1.0,1.0,0.0,0.0,0.0,0.0,0.0,1.0,0.0,0.0,0.0,0.0,0.0,-0.6603,-1.0258,1.1529,-0.5824,-0.3278,-0.6789
1276,1.0,0.0,0.0,0.0,0.0,0.0,0.0,0.0,1.0,0.0,1.0,0.0,0.0,-0.6603,-1.0258,-0.6606,-0.4915,-0.3278,-0.6789
82,1.0,0.0,0.0,0.0,0.0,0.0,0.0,0.0,1.0,0.0,1.0,0.0,0.0,-1.5752,0.3795,1.1529,0.7936,-0.9807,-0.3686
542,1.0,0.0,0.0,0.0,0.0,1.0,0.0,0.0,0.0,0.0,0.0,1.0,1.0,0.2545,0.3795,0.2461,0.2885,-0.9807,-0.6789
1343,1.0,0.0,0.0,1.0,0.0,0.0,0.0,0.0,0.0,0.0,0.0,1.0,0.0,1.1694,0.3795,-1.5674,-0.9433,-0.6542,-0.3686
872,1.0,1.0,0.0,0.0,0.0,0.0,0.0,0.0,1.0,0.0,1.0,0.0,0.0,-0.6603,0.3795,0.2461,-0.4172,0.4883,-0.6789
224,1.0,0.0,0.0,0.0,0.0,1.0,0.0,0.0,0.0,0.0,1.0,0.0,0.0,0.2545,-2.4312,0.2461,-0.4584,-0.3278,-0.3686
562,1.0,0.0,0.0,0.0,0.0,0.0,0.0,1.0,0.0,0.0,0.0,1.0,1.0,1.1694,0.3795,1.1529,-0.8107,0.4883,1.4934
74,1.0,0.0,0.0,1.0,0.0,0.0,0.0,0.0,0.0,0.0,1.0,0.0,0.0,-0.6603,1.7849,1.1529,-0.736,-0.9807,-0.6789
1440,1.0,1.0,0.0,0.0,0.0,1.0,0.0,0.0,0.0,0.0,0.0,0.0,0.0,1.1694,0.3795,-0.6606,-0.2914,-0.491,-0.6789
139,1.0,0.0,1.0,0.0,0.0,0.0,0.0,0.0,0.0,0.0,1.0,0.0,1.0,0.2545,0.3795,1.1529,-0.0331,0.6516,0.5624
836,1.0,0.0,0.0,0.0,0.0,0.0,0.0,0.0,1.0,0.0,1.0,0.0,0.0,1.1694,-1.0258,-1.5674,0.1769,0.6516,0.2521
282,1.0,1.0,0.0,0.0,0.0,0.0,0.0,0.0,1.0,0.0,0.0,1.0,0.0,-0.6603,0.3795,1.1529,-0.414,0.4883,-0.6789
517,1.0,0.0,0.0,0.0,0.0,0.0,0.0,0.0,1.0,0.0,1.0,0.0,0.0,1.1694,1.7849,-0.6606,-0.3509,-0.6542,-0.3686
1462,1.0,0.0,0.0,0.0,0.0,0.0,0.0,0.0,1.0,0.0,1.0,0.0,0.0,-0.6603,-1.0258,1.1529,1.1742,2.1206,2.114
670,1.0,0.0,0.0,0.0,0.0,0.0,0.0,1.0,0.0,0.0,0.0,1.0,0.0,-0.6603,0.3795,0.2461,-0.8889,-0.9807,-0.6789
796,1.0,0.0,0.0,1.0,0.0,0.0,0.0,0.0,0.0,0.0,1.0,0.0,1.0,1.1694,0.3795,1.1529,-0.5973,-0.0013,0.8727
576,1.0,1.0,0.0,0.0,0.0,0.0,0.0,0.0,1.0,0.0,1.0,0.0,0.0,0.2545,0.3795,1.1529,-0.459,-0.491,-0.3686
887,1.0,1.0,0.0,0.0,0.0,0.0,1.0,0.0,0.0,0.0,1.0,0.0,1.0,-1.5752,0.3795,-1.5674,1.4206,-0.9807,-0.6789
526,1.0,0.0,0.0,0.0,0.0,0.0,0.0,0.0,0.0,0.0,0.0,1.0,0.0,1.1694,-1.0258,0.2461,-0.4142,2.1206,2.7347
410,1.0,0.0,0.0,0.0,0.0,1.0,0.0,0.0,0.0,0.0,0.0,1.0,0.0,0.2545,-2.4312,1.1529,-0.0875,-0.3278,-0.6789
1300,1.0,0.0,0.0,0.0,0.0,0.0,0.0,0.0,1.0,0.0,1.0,0.0,0.0,-0.6603,1.7849,0.2461,0.0629,0.4883,0.5624
715,1.0,1.0,0.0,0.0,0.0,0.0,0.0,0.0,0.0,0.0,1.0,0.0,1.0,0.2545,1.7849,-0.6606,-0.2156,-0.1646,-0.3686
1263,1.0,0.0,0.0,1.0,0.0,0.0,0.0,0.0,0.0,0.0,0.0,0.0,0.0,-0.6603,0.3795,-0.6606,-0.7937,-0.3278,-0.6789
672,1.0,0.0,0.0,0.0,0.0,0.0,0.0,0.0,1.0,0.0,0.0,1.0,0.0,0.2545,-1.0258,0.2461,-0.055,-0.3278,-0.6789
217,1.0,0.0,0.0,0.0,0.0,0.0,0.0,1.0,0.0,0.0,0.0,1.0,0.0,0.2545,0.3795,0.2461,-0.9441,-0.1646,-0.3686
1197,1.0,0.0,0.0,0.0,0.0,0.0,0.0,0.0,0.0,1.0,0.0,1.0,0.0,1.1694,0.3795,-1.5674,-0.8018,-0.8175,-0.6789
1390,1.0,0.0,0.0,1.0,0.0,0.0,0.0,0.0,0.0,0.0,0.0,0.0,0.0,0.2545,-1.0258,1.1529,-0.8785,-0.491,-0.6789
258,1.0,0.0,0.0,0.0,0.0,0.0,0.0,1.0,0.0,0.0,1.0,0.0,0.0,0.2545,0.3795,1.1529,-0.8029,-0.9807,-0.6789
1015,1.0,1.0,0.0,0.0,0.0,0.0,0.0,1.0,0.0,0.0,0.0,0.0,0.0,1.1694,0.3795,-1.5674,-0.7449,-0.491,-0.3686
1179,1.0,0.0,0.0,0.0,0.0,0.0,0.0,1.0,0.0,0.0,0.0,0.0,0.0,1.1694,0.3795,-0.6606,-0.2273,0.6516,1.4934
1459,1.0,0.0,0.0,1.0,0.0,0.0,0.0,0.0,0.0,0.0,1.0,0.0,1.0,1.1694,-1.0258,-0.6606,-0.5263,-0.491,-0.6789
1203,1.0,0.0,0.0,0.0,0.0,0.0,0.0,0.0,0.0,0.0,1.0,0.0,0.0,-0.6603,1.7849,1.1529,0.1066,-0.491,-0.3686
664,1.0,0.0,0.0,0.0,0.0,0.0,0.0,0.0,0.0,0.0,1.0,0.0,1.0,0.2545,0.3795,1.1529,0.0176,1.4677,0.5624
98,1.0,0.0,0.0,0.0,0.0,0.0,0.0,0.0,1.0,0.0,0.0,1.0,0.0,1.1694,0.3795,0.2461,1.5652,4.8954,-0.3686
485,1.0,0.0,0.0,0.0,0.0,0.0,0.0,1.0,0.0,0.0,0.0,0.0,0.0,-1.5752,-1.0258,0.2461,-0.9167,-0.3278,-0.6789
1156,1.0,0.0,0.0,0.0,0.0,1.0,0.0,0.0,0.0,0.0,1.0,0.0,0.0,-1.5752,-1.0258,0.2461,0.8352,1.7941,3.6656
1375,1.0,1.0,0.0,0.0,0.0,0.0,0.0,1.0,0.0,0.0,0.0,1.0,1.0,-1.5752,1.7849,0.2461,-0.8647,-0.491,-0.6789
163,1.0,0.0,0.0,0.0,0.0,0.0,0.0,0.0,0.0,0.0,0.0,0.0,1.0,0.2545,1.7849,1.1529,0.6236,-0.3278,-0.3686
754,1.0,0.0,0.0,0.0,0.0,0.0,0.0,0.0,0.0,1.0,0.0,1.0,0.0,-0.6603,-1.0258,1.1529,-0.8838,-0.8175,-0.0583
1277,1.0,0.0,0.0,0.0,0.0,0.0,1.0,0.0,0.0,0.0,0.0,0.0,1.0,0.2545,0.3795,1.1529,2.7241,-0.8175,-0.0583
399,1.0,0.0,0.0,1.0,0.0,0.0,0.0,0.0,0.0,0.0,1.0,0.0,0.0,1.1694,-1.0258,-1.5674,-0.9101,-0.491,0.2521
798,1.0,0.0,0.0,0.0,0.0,0.0,0.0,1.0,0.0,0.0,0.0,1.0,1.0,-1.5752,-1.0258,-0.6606,-0.89,-0.8175,-0.0583
614,1.0,1.0,0.0,0.0,0.0,0.0,0.0,1.0,0.0,0.0,1.0,0.0,1.0,0.2545,-1.0258,0.2461,-0.8787,0.1619,-0.3686
731,1.0,0.0,0.0,0.0,0.0,0.0,0.0,1.0,0.0,0.0,0.0,1.0,1.0,1.1694,-1.0258,-1.5674,-0.829,-0.9807,-0.6789
79,1.0,0.0,1.0,0.0,0.0,0.0,0.0,0.0,0.0,0.0,0.0,0.0,1.0,-0.6603,0.3795,-0.6606,-0.3148,-0.491,-0.6789
1326,1.0,0.0,0.0,0.0,0.0,0.0,0.0,0.0,1.0,0.0,0.0,1.0,1.0,0.2545,-1.0258,-0.6606,0.723,-0.8175,-0.0583
135,1.0,0.0,0.0,0.0,0.0,1.0,0.0,0.0,0.0,0.0,0.0,0.0,0.0,-0.6603,0.3795,-0.6606,-0.3318,-0.6542,-0.6789
840,1.0,0.0,0.0,1.0,0.0,0.0,0.0,0.0,0.0,0.0,1.0,0.0,0.0,1.1694,-1.0258,0.2461,-0.9017,0.1619,-0.3686
1439,1.0,0.0,0.0,0.0,0.0,0.0,0.0,0.0,1.0,0.0,1.0,0.0,0.0,-1.5752,-1.0258,1.1529,0.2424,0.3251,0.2521
447,1.0,0.0,0.0,0.0,0.0,0.0,0.0,0.0,1.0,0.0,1.0,0.0,0.0,-0.6603,0.3795,0.2461,-0.3793,0.6516,1.183
1064,1.0,0.0,1.0,0.0,0.0,0.0,0.0,0.0,0.0,0.0,0.0,0.0,0.0,0.2545,0.3795,0.2461,-0.9429,-0.3278,-0.3686
1135,1.0,0.0,0.0,0.0,1.0,0.0,0.0,0.0,0.0,0.0,0.0,1.0,0.0,1.1694,1.7849,-1.5674,2.3501,3.0999,-0.6789
169,1.0,0.0,0.0,0.0,0.0,0.0,0.0,1.0,0.0,0.0,0.0,1.0,0.0,0.2545,0.3795,0.2461,-0.736,-0.3278,-0.3686
931,1.0,0.0,0.0,0.0,0.0,1.0,0.0,0.0,0.0,0.0,0.0,1.0,1.0,0.2545,0.3795,0.2461,-0.384,0.1619,-0.3686
549,1.0,0.0,0.0,0.0,0.0,0.0,0.0,0.0,0.0,0.0,0.0,1.0,0.0,-0.6603,0.3795,0.2461,-0.0767,-0.3278,0.5624
1469,1.0,0.0,0.0,1.0,0.0,0.0,0.0,0.0,0.0,0.0,1.0,0.0,0.0,-0.6603,1.7849,0.2461,-0.4458,-0.491,-0.3686
799,1.0,0.0,0.0,0.0,1.0,0.0,0.0,0.0,0.0,0.0,1.0,0.0,0.0,1.1694,0.3795,-1.5674,2.3709,2.447,3.3553
265,1.0,0.0,0.0,0.0,0.0,0.0,0.0,0.0,1.0,0.0,1.0,0.0,0.0,-1.5752,-1.0258,-0.6606,0.03,-1.1439,-0.6789
873,1.0,0.0,0.0,1.0,0.0,0.0,0.0,0.0,0.0,0.0,0.0,0.0,0.0,0.2545,-2.4312,0.2461,-0.7991,-0.0013,-0.3686
201,1.0,0.0,0.0,0.0,0.0,1.0,0.0,0.0,0.0,0.0,0.0,0.0,1.0,1.1694,0.3795,1.1529,0.0639,-0.0013,-0.3686
1311,1.0,0.0,0.0,0.0,0.0,0.0,0.0,1.0,0.0,0.0,0.0,1.0,0.0,-0.6603,0.3795,0.2461,-1.0597,-1.1439,-0.6789
374,1.0,0.0,0.0,0.0,0.0,0.0,0.0,0.0,1.0,0.0,0.0,1.0,0.0,-0.6603,0.3795,1.1529,-0.2655,-0.0013,-0.6789
1151,1.0,0.0,0.0,0.0,0.0,1.0,0.0,0.0,0.0,0.0,0.0,0.0,0.0,-0.6603,-2.4312,-1.5674,-0.3454,-0.3278,-0.6789
397,1.0,0.0,0.0,0.0,0.0,0.0,0.0,0.0,1.0,0.0,0.0,1.0,1.0,-0.6603,-1.0258,1.1529,-0.4282,-0.3278,-0.3686
577,1.0,0.0,0.0,0.0,0.0,0.0,0.0,1.0,0.0,0.0,0.0,0.0,1.0,1.1694,0.3795,-1.5674,-0.7903,-0.3278,0.5624
1212,1.0,0.0,0.0,0.0,0.0,0.0,0.0,1.0,0.0,0.0,1.0,0.0,0.0,-0.6603,-1.0258,1.1529,-0.7591,0.4883,1.8037
1011,1.0,0.0,0.0,0.0,0.0,0.0,0.0,0.0,1.0,0.0,0.0,1.0,1.0,-1.5752,0.3795,-0.6606,0.5894,-0.3278,-0.6789
72,1.0,0.0,0.0,0.0,0.0,0.0,0.0,1.0,0.0,0.0,0.0,1.0,0.0,0.2545,0.3795,-0.6606,-0.85,-0.9807,-0.3686
743,1.0,0.0,0.0,0.0,0.0,1.0,0.0,0.0,0.0,0.0,0.0,1.0,1.0,0.2545,-1.0258,1.1529,1.5342,-0.3278,0.5624
267,1.0,0.0,0.0,0.0,0.0,0.0,0.0,0.0,0.0,0.0,0.0,0.0,0.0,-0.6603,1.7849,-1.5674,-0.5316,-0.1646,-0.3686
941,1.0,0.0,0.0,1.0,0.0,0.0,0.0,0.0,0.0,0.0,1.0,0.0,0.0,-1.5752,-1.0258,1.1529,-0.3985,0.3251,1.183
826,1.0,0.0,1.0,0.0,0.0,0.0,0.0,0.0,0.0,0.0,1.0,0.0,0.0,0.2545,1.7849,0.2461,-0.7772,-0.0013,0.8727
847,1.0,1.0,0.0,0.0,0.0,0.0,0.0,0.0,0.0,0.0,0.0,1.0,0.0,1.1694,-1.0258,-1.5674,-0.2464,0.978,0.5624
1005,1.0,0.0,1.0,0.0,0.0,0.0,0.0,0.0,0.0,0.0,0.0,1.0,0.0,-0.6603,-1.0258,-1.5674,0.3154,0.4883,-0.6789
921,1.0,1.0,0.0,1.0,0.0,0.0,0.0,0.0,0.0,0.0,0.0,1.0,1.0,1.1694,0.3795,0.2461,-0.9237,-0.491,-0.6789
1279,1.0,1.0,0.0,0.0,0.0,0.0,0.0,1.0,0.0,0.0,0.0,0.0,1.0,0.2545,0.3795,-0.6606,-0.8838,-0.3278,-0.0583
717,1.0,0.0,0.0,1.0,0.0,0.0,0.0,0.0,0.0,0.0,1.0,0.0,0.0,0.2545,0.3795,-0.6606,-0.7842,-0.8175,-0.0583
497,1.0,0.0,0.0,0.0,1.0,0.0,0.0,0.0,0.0,0.0,1.0,0.0,1.0,1.1694,0.3795,1.1529,2.7634,-0.8175,-0.6789
1060,1.0,1.0,0.0,1.0,0.0,0.0,0.0,0.0,0.0,0.0,0.0,1.0,1.0,-0.6603,0.3795,-1.5674,-0.7075,-1.1439,-0.6789
972,1.0,0.0,0.0,1.0,0.0,0.0,0.0,0.0,0.0,0.0,0.0,1.0,0.0,1.1694,0.3795,1.1529,-1.0391,-1.1439,-0.6789
910,1.0,0.0,0.0,0.0,0.0,0.0,0.0,1.0,0.0,0.0,1.0,0.0,0.0,1.1694,0.3795,0.2461,-1.1215,-0.9807,-0.6789
570,1.0,0.0,0.0,0.0,0.0,0.0,0.0,1.0,0.0,0.0,1.0,0.0,0.0,1.1694,0.3795,1.1529,-0.4768,-0.491,-0.3686
1091,1.0,0.0,0.0,0.0,0.0,1.0,0.0,0.0,0.0,0.0,0.0,1.0,0.0,1.1694,-1.0258,-0.6606,-0.4637,-0.3278,-0.6789
1434,1.0,0.0,0.0,0.0,0.0,0.0,0.0,0.0,0.0,1.0,0.0,0.0,0.0,-1.5752,0.3795,1.1529,-0.6417,0.3251,-0.6789
899,1.0,0.0,0.0,0.0,1.0,0.0,0.0,0.0,0.0,0.0,1.0,0.0,0.0,-1.5752,-1.0258,0.2461,2.5931,-0.9807,-0.6789
287,1.0,0.0,0.0,0.0,0.0,0.0,0.0,0.0,0.0,0.0,0.0,0.0,0.0,1.1694,0.3795,1.1529,-0.161,-0.8175,-0.3686
536,1.0,0.0,0.0,0.0,0.0,0.0,0.0,0.0,1.0,0.0,0.0,1.0,0.0,-1.5752,0.3795,-1.5674,-0.2332,-0.8175,-0.0583
1013,1.0,0.0,0.0,0.0,0.0,0.0,0.0,0.0,1.0,0.0,0.0,0.0,0.0,1.1694,0.3795,-1.5674,-0.3662,-0.6542,-0.6789
888,1.0,0.0,0.0,0.0,0.0,0.0,0.0,0.0,1.0,0.0,1.0,0.0,1.0,0.2545,-1.0258,1.1529,0.8229,0.978,0.5624
1157,1.0,0.0,0.0,0.0,0.0,0.0,0.0,0.0,0.0,0.0,1.0,0.0,0.0,0.2545,0.3795,0.2461,-0.5002,1.1412,-0.0583
1274,1.0,0.0,0.0,0.0,0.0,0.0,0.0,0.0,1.0,0.0,1.0,0.0,0.0,-1.5752,-1.0258,1.1529,-0.2198,0.8148,0.8727
1079,1.0,0.0,0.0,0.0,0.0,1.0,0.0,0.0,0.0,0.0,0.0,1.0,0.0,-0.6603,0.3795,-0.6606,0.3979,-0.8175,-0.0583
1339,1.0,0.0,0.0,0.0,0.0,0.0,0.0,1.0,0.0,0.0,0.0,1.0,1.0,1.1694,0.3795,-0.6606,-0.8562,-0.9807,-0.6789
1070,1.0,1.0,0.0,0.0,0.0,0.0,0.0,0.0,1.0,0.0,0.0,1.0,0.0,0.2545,0.3795,-1.5674,-0.3409,-0.491,-0.3686
1087,1.0,0.0,0.0,0.0,0.0,0.0,0.0,0.0,0.0,1.0,1.0,0.0,1.0,-0.6603,0.3795,0.2461,-0.891,0.6516,0.8727
1394,1.0,0.0,0.0,0.0,0.0,1.0,0.0,0.0,0.0,0.0,0.0,1.0,0.0,1.1694,-1.0258,1.1529,0.6746,-0.9807,-0.6789
649,1.0,0.0,0.0,0.0,0.0,0.0,1.0,0.0,0.0,0.0,0.0,1.0,0.0,1.1694,0.3795,1.1529,1.6508,0.8148,0.2521
1192,1.0,0.0,0.0,1.0,0.0,0.0,0.0,0.0,0.0,0.0,0.0,0.0,1.0,1.1694,0.3795,-1.5674,-0.8318,-0.8175,-0.0583
113,1.0,0.0,0.0,1.0,0.0,0.0,0.0,0.0,0.0,0.0,1.0,0.0,0.0,-0.6603,0.3795,0.2461,-0.792,-0.3278,-0.3686
1224,1.0,0.0,0.0,1.0,0.0,0.0,0.0,0.0,0.0,0.0,1.0,0.0,0.0,1.1694,-2.4312,0.2461,-0.8917,-0.6542,-0.6789
1289,1.0,0.0,1.0,0.0,0.0,0.0,0.0,0.0,0.0,0.0,0.0,0.0,0.0,-1.5752,0.3795,-0.6606,-0.8307,0.6516,0.2521
838,1.0,1.0,0.0,0.0,0.0,0.0,0.0,0.0,1.0,0.0,0.0,1.0,1.0,0.2545,0.3795,-1.5674,1.541,2.2838,3.3553
1073,1.0,0.0,0.0,0.0,0.0,1.0,0.0,0.0,0.0,0.0,1.0,0.0,0.0,0.2545,-2.4312,-0.6606,0.0098,0.1619,-0.3686
900,1.0,1.0,0.0,0.0,0.0,0.0,0.0,1.0,0.0,0.0,1.0,0.0,0.0,0.2545,0.3795,-0.6606,-0.5971,0.6516,-0.6789
1416,1.0,0.0,0.0,0.0,0.0,0.0,0.0,0.0,1.0,0.0,1.0,0.0,0.0,1.1694,0.3795,-0.6606,-0.4382,1.3045,0.8727
535,1.0,0.0,0.0,0.0,1.0,0.0,0.0,0.0,0.0,0.0,0.0,0.0,0.0,-0.6603,-1.0258,1.1529,2.6844,2.2838,3.045
885,1.0,0.0,0.0,0.0,0.0,0.0,0.0,0.0,1.0,0.0,0.0,1.0,0.0,0.2545,0.3795,1.1529,-0.3299,-0.491,-0.3686
975,1.0,0.0,0.0,0.0,0.0,0.0,0.0,0.0,1.0,0.0,0.0,1.0,1.0,-1.5752,1.7849,0.2461,1.5276,1.9574,0.2521
606,1.0,1.0,0.0,0.0,0.0,0.0,0.0,1.0,0.0,0.0,0.0,1.0,0.0,0.2545,-1.0258,1.1529,-0.839,-0.3278,-0.3686
45,1.0,0.0,0.0,0.0,0.0,0.0,1.0,0.0,0.0,0.0,1.0,0.0,0.0,-0.6603,0.3795,0.2461,2.7702,2.447,3.976
11,1.0,0.0,0.0,1.0,0.0,0.0,0.0,0.0,0.0,0.0,0.0,1.0,1.0,1.1694,-1.0258,0.2461,-0.4906,0.3251,-0.6789
404,1.0,0.0,0.0,1.0,0.0,0.0,0.0,0.0,0.0,0.0,0.0,0.0,0.0,0.2545,0.3795,-1.5674,-0.4131,0.4883,-0.3686
765,1.0,1.0,0.0,0.0,0.0,0.0,0.0,1.0,0.0,0.0,1.0,0.0,0.0,0.2545,0.3795,0.2461,-0.7821,-0.8175,-0.0583
448,1.0,0.0,0.0,0.0,0.0,1.0,0.0,0.0,0.0,0.0,0.0,1.0,0.0,-0.6603,0.3795,0.2461,1.4304,2.1206,0.8727
1067,1.0,0.0,0.0,0.0,0.0,0.0,0.0,0.0,1.0,0.0,1.0,0.0,1.0,0.2545,0.3795,0.2461,-0.4061,-0.3278,-0.3686
598,1.0,0.0,0.0,0.0,0.0,0.0,0.0,1.0,0.0,0.0,0.0,1.0,0.0,0.2545,0.3795,0.2461,-0.4505,-0.8175,-0.0583
43,1.0,1.0,0.0,0.0,0.0,0.0,0.0,0.0,1.0,0.0,0.0,1.0,0.0,1.1694,0.3795,0.2461,0.4722,0.3251,-0.3686
1413,1.0,0.0,0.0,1.0,0.0,0.0,0.0,0.0,0.0,0.0,0.0,0.0,1.0,1.1694,0.3795,0.2461,-0.5365,-0.8175,-0.6789
514,1.0,1.0,0.0,0.0,0.0,0.0,0.0,1.0,0.0,0.0,0.0,1.0,1.0,-1.5752,0.3795,-1.5674,-0.6701,0.4883,2.114
1250,1.0,1.0,0.0,0.0,0.0,0.0,0.0,0.0,0.0,0.0,0.0,1.0,1.0,1.1694,1.7849,0.2461,-0.0444,-0.6542,-0.6789
837,1.0,1.0,0.0,0.0,0.0,0.0,1.0,0.0,0.0,0.0,0.0,1.0,0.0,-0.6603,0.3795,0.2461,1.486,1.7941,-0.0583
945,1.0,0.0,0.0,0.0,0.0,0.0,1.0,0.0,0.0,0.0,1.0,0.0,1.0,1.1694,0.3795,-1.5674,2.2042,-0.6542,-0.3686
1109,1.0,0.0,0.0,0.0,0.0,0.0,0.0,0.0,1.0,0.0,1.0,0.0,0.0,0.2545,0.3795,-0.6606,0.5835,-0.491,-0.3686
935,1.0,0.0,0.0,0.0,0.0,0.0,0.0,0.0,1.0,0.0,1.0,0.0,0.0,0.2545,1.7849,1.1529,-0.0624,0.4883,-0.6789
671,1.0,0.0,0.0,1.0,0.0,0.0,0.0,0.0,0.0,0.0,0.0,0.0,0.0,-0.6603,0.3795,-0.6606,-0.9548,-0.9807,-0.3686
1104,1.0,0.0,0.0,0.0,0.0,0.0,0.0,1.0,0.0,0.0,1.0,0.0,0.0,0.2545,1.7849,0.2461,-0.8607,-0.9807,-0.6789
479,1.0,1.0,0.0,1.0,0.0,0.0,0.0,0.0,0.0,0.0,1.0,0.0,1.0,-1.5752,0.3795,0.2461,-0.7683,-0.1646,-0.3686
938,1.0,0.0,0.0,0.0,0.0,0.0,0.0,1.0,0.0,0.0,0.0,0.0,0.0,-1.5752,0.3795,0.2461,-0.8774,-0.8175,-0.0583
77,1.0,0.0,0.0,0.0,0.0,0.0,1.0,0.0,0.0,0.0,1.0,0.0,1.0,1.1694,0.3795,-1.5674,1.4321,-1.1439,-0.6789
1017,1.0,0.0,0.0,1.0,0.0,0.0,0.0,0.0,0.0,0.0,1.0,0.0,0.0,-0.6603,0.3795,-1.5674,-0.9354,-0.3278,-0.3686
1330,1.0,0.0,0.0,0.0,1.0,0.0,0.0,0.0,0.0,0.0,1.0,0.0,0.0,-1.5752,-1.0258,0.2461,2.7377,1.4677,1.183
212,1.0,1.0,0.0,0.0,0.0,0.0,0.0,0.0,1.0,0.0,0.0,1.0,0.0,1.1694,0.3795,0.2461,0.7388,-0.0013,-0.6789
1030,1.0,0.0,0.0,0.0,0.0,0.0,0.0,0.0,1.0,0.0,0.0,0.0,0.0,-1.5752,0.3795,1.1529,0.9112,0.978,2.114
578,1.0,1.0,0.0,0.0,0.0,1.0,0.0,0.0,0.0,0.0,0.0,1.0,1.0,-1.5752,1.7849,-1.5674,-0.1111,1.3045,0.5624
